"Nome";"TipoPosto";"Municipio";"Preco";"Marca";"Combustivel";"DataAtualizacao";"Distrito";"Morada";"Localidade";"CodPostal";"Latitude";"Longitude"
"INTERMARCHÉ ALCÁCER DO SAL";"";"";"";"";"";"";"";"";"";"";"";""
"Intermarché de Felgueiras";"";"";"";"";"";"";"";"";"";"";"";""
"SOSEPOR, LDA.";"";"";"";"";"";"";"";"";"";"";"";""
"MARCOS & MENDES, LDA.";"";"";"";"";"";"";"";"";"";"";"";""
"Mendes & Loureiro - Comb. e Lubs., Lda (2)";"";"";"";"";"";"";"";"";"";"";"";""
"Mendes & Loureiro - Comb. e Lubs., Lda (1)";"";"";"";"";"";"";"";"";"";"";"";""
"Lubrialbufeira, Lda.";"";"";"";"";"";"";"";"";"";"";"";""
"José Bazelga e Aleluia, Lda.";"";"";"";"";"";"";"";"";"";"";"";""
"GALP A2 A.S. Alcácer do Sal (N/S)";"";"";"";"";"";"";"";"";"";"";"";""
"GALP A2 A.S. Alcácer do Sal (S/N)";"";"";"";"";"";"";"";"";"";"";"";""
"BLACKTARGET, LDA (1)";"";"";"";"";"";"";"";"";"";"";"";""
"BLACKTARGET, LDA (2)";"";"";"";"";"";"";"";"";"";"";"";""
"AUTO MINDRICA LDA.";"";"";"";"";"";"";"";"";"";"";"";""
"SOCIEDADE AUTOMÓVEIS CRUZ DE CRISTO, LDA (1)";"";"";"";"";"";"";"";"";"";"";"";""
"Castelos & Astrolábios, Lda";"";"";"";"";"";"";"";"";"";"";"";""
"ANTÓNIO MARQUES VIEIRA, LDA.";"";"";"";"";"";"";"";"";"";"";"";""
"ANTÓNIO LOURENÇO VINAGRE, LDA.";"";"";"";"";"";"";"";"";"";"";"";""
"GALP CST (Leiria-Lisboa) - 13114";"";"";"";"";"";"";"";"";"";"";"";""
"GALP CST (Lisboa-Leiria) - 13115";"";"";"";"";"";"";"";"";"";"";"";""
"Galp Aveiro";"";"";"";"";"";"";"";"";"";"";"";""
"Continente - Braga, Minho Center";"";"";"";"";"";"";"";"";"";"";"";""
"Posto Galp Montijo-EQUILIBRIO & SUCESSO, LDA.";"";"";"";"";"";"";"";"";"";"";"";""
"Galp Arrábida";"";"";"";"";"";"";"";"";"";"";"";""
"GALP Carvalhosa (Ferrara Plaza-Av. 9 de Dezembro)";"";"";"";"";"";"";"";"";"";"";"";""
"INTERMARCHÉ DE ARRAIOLOS";"";"";"";"";"";"";"";"";"";"";"";""
"Intermarché de Beja";"";"";"";"";"";"";"";"";"";"";"";""
"Intermarché Sodisor";"";"";"";"";"";"";"";"";"";"";"";""
"INTERMARCHÉ DE  CHAMUSCA";"";"";"";"";"";"";"";"";"";"";"";""
"Intermarché de ELVAS";"";"";"";"";"";"";"";"";"";"";"";""
"PA INTERMARCHÉ Leiria - GÂNDARA DOS OLIVAIS";"";"";"";"";"";"";"";"";"";"";"";""
"GALP A12 A.S. Alcochete - Pte Vasco da Gama (N/S)";"";"";"";"";"";"";"";"";"";"";"";""
"GALP A12 A.S. Alcochete - Pte Vasco da Gama (S/N)";"";"";"";"";"";"";"";"";"";"";"";""
"REBOLA & FILHO, LDA.";"";"";"";"";"";"";"";"";"";"";"";""
"GASNUNOS, LDA";"";"";"";"";"";"";"";"";"";"";"";""
"António L. Magalhães & Sobrs. Lda";"";"";"";"";"";"";"";"";"";"";"";""
"ASSOCIAÇÃO HUMANITÁRIA DOS BOMBEIROS VOLUNTÁRIOS DE ALJEZUR";"";"";"";"";"";"";"";"";"";"";"";""
"GALP A.S. A2 Aljustrel (S/N)";"";"";"";"";"";"";"";"";"";"";"";""
"GALP A.S. A2 Aljustrel (N/S)";"";"";"";"";"";"";"";"";"";"";"";""
"TFUEL - ALJUSTREL";"";"";"";"";"";"";"";"";"";"";"";""
"SOUSA & MADEIRA, LDA.";"";"";"";"";"";"";"";"";"";"";"";""
"AUTO POSTO 8600 Lda. - A33";"";"";"";"";"";"";"";"";"";"";"";""
"COMBUSLU - COMÉRCIO C. E LUBRIFICANTES UNIPESSOAL, LDA.";"";"";"";"";"";"";"";"";"";"";"";""
"GPAB II - Posto de Abastecimento, Unipessoal Lda";"";"";"";"";"";"";"";"";"";"";"";""
"Gomes & Filho, Lda";"";"";"";"";"";"";"";"";"";"";"";""
"J. M. CORDEIRO, LDA.";"";"";"";"";"";"";"";"";"";"";"";""
"J. M. Cordeiro, Lda.";"";"";"";"";"";"";"";"";"";"";"";""
"ANTÓNIO MANUEL GUERREIRO";"";"";"";"";"";"";"";"";"";"";"";""
"intermarche maceira";"";"";"";"";"";"";"";"";"";"";"";""
"Intermarché Paços de Ferreira";"";"";"";"";"";"";"";"";"";"";"";""
"Distripinhel - Supermercados, Lda";"";"";"";"";"";"";"";"";"";"";"";""
"Distrimonsaraz - Supermercados, Lda";"";"";"";"";"";"";"";"";"";"";"";""
"J. M. CÉU - COMÉRCIO DE COMBUSTÍVEIS, LDA.";"";"";"";"";"";"";"";"";"";"";"";""
"PETROALVES - DIST. COMB. LUB., S.A.";"";"";"";"";"";"";"";"";"";"";"";""
"GALP BRANDOA";"";"";"";"";"";"";"";"";"";"";"";""
"GALP A.S. Alfragide (Ama/Lis)";"";"";"";"";"";"";"";"";"";"";"";""
"PNEUCOM - COM. SERV. ASSIST. AUTOMÓVEL";"";"";"";"";"";"";"";"";"";"";"";""
"PNEUCOM-COM.SERV.ASSIST.AUT.2";"";"";"";"";"";"";"";"";"";"";"";""
"JOSE FREITAS LDA";"";"";"";"";"";"";"";"";"";"";"";""
"Petromaranus - Com. Comb.,Lda.";"";"";"";"";"";"";"";"";"";"";"";""
"Irmãos Barbosa Macedo, Lda.";"";"";"";"";"";"";"";"";"";"";"";""
"Mendes & Loureiro, Lda";"";"";"";"";"";"";"";"";"";"";"";""
"BXPRESS SANGALHOS";"";"";"";"";"";"";"";"";"";"";"";""
"Faustino & Faustino- Poutena";"";"";"";"";"";"";"";"";"";"";"";""
"Teixeira & Loureiro, Ldª";"";"";"";"";"";"";"";"";"";"";"";""
"INTERMARCHÉ - Distribeira - Supermercados, Lda";"";"";"";"";"";"";"";"";"";"";"";""
"FLORES & FRAGOSO";"";"";"";"";"";"";"";"";"";"";"";""
"PETROFROTA – POSTO DE ABASTECIMENTO, LDA";"";"";"";"";"";"";"";"";"";"";"";""
"BXPRESS ESGUEIRA";"";"";"";"";"";"";"";"";"";"";"";""
"GALP A25  Aveiro - Estádio (AVEIRO/VISEU)";"";"";"";"";"";"";"";"";"";"";"";""
"GALP A25 A.S. Aveiro - Estádio (V/AV)";"";"";"";"";"";"";"";"";"";"";"";""
"GALP A.S. Aveiras Cima (N/S)";"";"";"";"";"";"";"";"";"";"";"";""
"GALP A.S. Aveiras Cima (S/N)";"";"";"";"";"";"";"";"";"";"";"";""
"GASNUNOS LDA";"";"";"";"";"";"";"";"";"";"";"";""
"GÁSNUNOS, LDA. (2)";"";"";"";"";"";"";"";"";"";"";"";""
"PRIO - Perelhal";"";"";"";"";"";"";"";"";"";"";"";""
"Garagem Parque de Barcelos, Lda.";"";"";"";"";"";"";"";"";"";"";"";""
"Marfilauto - Auto Reparadora, Lda.";"";"";"";"";"";"";"";"";"";"";"";""
"Combustíveis Galo, Barcelos-Gamil";"";"";"";"";"";"";"";"";"";"";"";""
"Santos da Cunha 6 – Logística e Transportes";"";"";"";"";"";"";"";"";"";"";"";""
"Galp MONTE DE FRALÃES  (VIATODOS)";"";"";"";"";"";"";"";"";"";"";"";""
"GARAGEM PARQUE DE BARCELOS LDA";"";"";"";"";"";"";"";"";"";"";"";""
"GALP LAVRADIO";"";"";"";"";"";"";"";"";"";"";"";""
"AUTO PROGRESSO DA BATALHA, LDA.";"";"";"";"";"";"";"";"";"";"";"";""
"L. A. CAMEIRINHA, LDA";"";"";"";"";"";"";"";"";"";"";"";""
"FRANCISCO ANTÓNIO CORDEIRO";"";"";"";"";"";"";"";"";"";"";"";""
"LEAL & LEAL, LDA.";"";"";"";"";"";"";"";"";"";"";"";""
"Santos da Cunha 6 - Logística e Transportes, Lda";"";"";"";"";"";"";"";"";"";"";"";""
"Santos da Cunha 6 - Logística e Transportes, Lda.";"";"";"";"";"";"";"";"";"";"";"";""
"Santos da Cunha 6 -  Logística e Transportes, Lda.";"";"";"";"";"";"";"";"";"";"";"";""
"AUTO - QUEIROGAL - PA Galp Santa Combas de Rossas";"";"";"";"";"";"";"";"";"";"";"";""
"Chamauto Soc. Transmont. Aut. Lda";"";"";"";"";"";"";"";"";"";"";"";""
"Fernando Gonc. Ferreira Herd.,Lda";"";"";"";"";"";"";"";"";"";"";"";""
"PETROCALDAS - COMÉRCIO DE COMBUSTÍVEIS, LDA.";"";"";"";"";"";"";"";"";"";"";"";""
"PETROALVES,LDA";"";"";"";"";"";"";"";"";"";"";"";""
"MARIA MANUELA P. RIBEIRO, LDA.";"";"";"";"";"";"";"";"";"";"";"";""
"Maxiposto - Gestão P. A. de Combustíveis, Lda.";"";"";"";"";"";"";"";"";"";"";"";""
"JULIO OLIVEIRA & FOSDA (2)";"";"";"";"";"";"";"";"";"";"";"";""
"Estação das  Colinas, Unipessoal, Lda";"";"";"";"";"";"";"";"";"";"";"";""
"JULIO OLIVEIRA & FOSDA (1)";"";"";"";"";"";"";"";"";"";"";"";""
"São Januário . Com. Combustiveis, Lda";"";"";"";"";"";"";"";"";"";"";"";""
"M & V SOUSA, LDA - TRAJOUCE";"";"";"";"";"";"";"";"";"";"";"";""
"GALP Birre";"";"";"";"";"";"";"";"";"";"";"";""
"GALP Cascais - A.S. Adelino Amaro da Costa (Est. Malveira)";"";"";"";"";"";"";"";"";"";"";"";""
"GALP Estoril";"";"";"";"";"";"";"";"";"";"";"";""
"SOCIEDADE DISTRIBUIDORA DE COMBUSTÍVEIS DA MARGINAL, LDA";"";"";"";"";"";"";"";"";"";"";"";""
"AMERICO OLIVEIRA E FILHOS, LDA";"";"";"";"";"";"";"";"";"";"";"";""
"SOCIEDADE DISTRIBUIDORA DE COMBUSTÍVEIS DA MARGINAL, LDA.";"";"";"";"";"";"";"";"";"";"";"";""
"MTPRINO & FILHOS, LDA";"";"";"";"";"";"";"";"";"";"";"";""
"Bombas Light, Comércio de Combustíveis, lda";"";"";"";"";"";"";"";"";"";"";"";""
"PA Alcains";"";"";"";"";"";"";"";"";"";"";"";""
"SOCIEDADE COMERCIAL DE COMBUSTÍVEIS DE MONTALVÃO, LDA. (2)";"";"";"";"";"";"";"";"";"";"";"";""
"FAUSTINO A. CARREIRAS E COMPANHIA, LDA.";"";"";"";"";"";"";"";"";"";"";"";""
"GALP Castro Daire - LDL Combustíveis, Lda";"";"";"";"";"";"";"";"";"";"";"";""
"António Luis Almeida Lda.";"";"";"";"";"";"";"";"";"";"";"";""
"RAPOSO & LUZIA - COMB. LUB., LDA.";"";"";"";"";"";"";"";"";"";"";"";""
"CEPSA";"";"";"";"";"";"";"";"";"";"";"";""
"GALP A25 A.S. Celorico da Beira (11766)";"";"";"";"";"";"";"";"";"";"";"";""
"GALP A25 A.S. Celorico da Beira (11765)";"";"";"";"";"";"";"";"";"";"";"";""
"Devesa e Silva Ferreira,lda";"";"";"";"";"";"";"";"";"";"";"";""
"PETROPALHARES, LDA";"";"";"";"";"";"";"";"";"";"";"";""
"J.M. Cordeiro, Lda - Chamusca";"";"";"";"";"";"";"";"";"";"";"";""
"Chamauto -  Sociedade Transmontana de  Automóveis, Lda (1)";"";"";"";"";"";"";"";"";"";"";"";""
"Pneus Vidago, Lda.";"";"";"";"";"";"";"";"";"";"";"";""
"A. Esteves, Lda.";"";"";"";"";"";"";"";"";"";"";"";""
"PRIO Coimbra - Parque Verde";"";"";"";"";"";"";"";"";"";"";"";""
"Aníbal Antunes Bandeira, Lda.";"";"";"";"";"";"";"";"";"";"";"";""
"Estação das Colinas, Unipessoal, Lda.";"";"";"";"";"";"";"";"";"";"";"";""
"Paralelo Alternativo - Comércio de Combustíveis, Ldª";"";"";"";"";"";"";"";"";"";"";"";""
"GALP A.S. Adémia";"";"";"";"";"";"";"";"";"";"";"";""
"J. CASTANHEIRA, LDA";"";"";"";"";"";"";"";"";"";"";"";""
"MASTER RETOK, LDA ";"";"";"";"";"";"";"";"";"";"";"";""
"VARSUL - Comércio Produtos Agricolas, Lda ";"";"";"";"";"";"";"";"";"";"";"";""
"GALP Elvas - 11955";"";"";"";"";"";"";"";"";"";"";"";""
"Torres e Vaz, Lda.";"";"";"";"";"";"";"";"";"";"";"";""
"Teixeira & Martins, Automóveis, Lda., ";"";"";"";"";"";"";"";"";"";"";"";""
"Gachumbo -Combustiveis, Lda";"";"";"";"";"";"";"";"";"";"";"";""
"Pengasóleos - Assistência Técnica a Automóveis. lda";"";"";"";"";"";"";"";"";"";"";"";""
"MARQUES & FILHO - ÉVORA";"";"";"";"";"";"";"";"";"";"";"";""
"MANUEL ANTÓNIO NUNES";"";"";"";"";"";"";"";"";"";"";"";""
"GALP A.S. Portas do Raimundo (Évora)";"";"";"";"";"";"";"";"";"";"";"";""
"SOUSA & MARQUÊZ - ÉVORA NAU";"";"";"";"";"";"";"";"";"";"";"";""
"Supercar - Comércio de Automóveis e Acessórios, Ldª";"";"";"";"";"";"";"";"";"";"";"";""
"Sirius Fuel, LDA.";"";"";"";"";"";"";"";"";"";"";"";""
"A. PINTO, LDA.(1)";"";"";"";"";"";"";"";"";"";"";"";""
"A. PINTO, LDA.";"";"";"";"";"";"";"";"";"";"";"";""
"A. PINTO - COM. COMB., UNIP., LDA";"";"";"";"";"";"";"";"";"";"";"";""
"Teixeira & Martins - Automóveis, Lda.";"";"";"";"";"";"";"";"";"";"";"";""
"Soc. Combustiveis Silva do Vale, Lda";"";"";"";"";"";"";"";"";"";"";"";""
"GALP Cachada";"";"";"";"";"";"";"";"";"";"";"";""
"CALDEIRA & CALDEIRA, LDA (1)";"";"";"";"";"";"";"";"";"";"";"";""
"CALDEIRA & CALDEIRA, LDA (2)";"";"";"";"";"";"";"";"";"";"";"";""
"Amadeu Marques Fortunato";"";"";"";"";"";"";"";"";"";"";"";""
"Alves Correia & Filho Lda.";"";"";"";"";"";"";"";"";"";"";"";""
"INCROPOL - COMÉRCIO DE COMBUSTÍVEIS UNIPESSOAL, LDA.";"";"";"";"";"";"";"";"";"";"";"";""
"Petrovaz - Revenda de Combustíveis a Granel, Lda.";"";"";"";"";"";"";"";"";"";"";"";""
"Gepoil - Soc. Gestora Postos Abast. Comb., Ldª";"";"";"";"";"";"";"";"";"";"";"";""
"David Santos e Moreira,lda";"";"";"";"";"";"";"";"";"";"";"";""
"GALP-  Gondomar";"";"";"";"";"";"";"";"";"";"";"";""
"Teixeira & Martins,lda";"";"";"";"";"";"";"";"";"";"";"";""
"Gouveia Auto, Lda.";"";"";"";"";"";"";"";"";"";"";"";""
"PARAÍSO ALENTEJO COM. C. ASSEC. A";"";"";"";"";"";"";"";"";"";"";"";""
"Lim Mecano Injectora Lda. ( 1)";"";"";"";"";"";"";"";"";"";"";"";""
"Lim Mecano Injectora Lda. (2)";"";"";"";"";"";"";"";"";"";"";"";""
"CONGAL - Combustíveis da Guarda Lda";"";"";"";"";"";"";"";"";"";"";"";""
"GALP A.S. A23 Guarda (N/S)";"";"";"";"";"";"";"";"";"";"";"";""
"GALP A.S. A23 Guarda (S/N)";"";"";"";"";"";"";"";"";"";"";"";""
"ATI - Petróleos, Ldª";"";"";"";"";"";"";"";"";"";"";"";""
"R.P.I. Vale e Fernandes,lda";"";"";"";"";"";"";"";"";"";"";"";""
"PIit Lane II.,Lda";"";"";"";"";"";"";"";"";"";"";"";""
"Pit Lane, Ldª";"";"";"";"";"";"";"";"";"";"";"";""
"PRIO Gafanha da Nazaré - Av Bacalhoeiros";"";"";"";"";"";"";"";"";"";"";"";""
"GALP Lagos (Faro/Sagres)";"";"";"";"";"";"";"";"";"";"";"";""
"GALP A.S. Lagos (Lagos/Faro)";"";"";"";"";"";"";"";"";"";"";"";""
"ARM  II – Soc.Algarvia de Comb.lda";"";"";"";"";"";"";"";"";"";"";"";""
"ARM  I – Soc.Algarvia de Comb.lda";"";"";"";"";"";"";"";"";"";"";"";""
"Lubridouro - Lub. Douro Lda.";"";"";"";"";"";"";"";"";"";"";"";""
"Fernandes & Rebelo, Lda";"";"";"";"";"";"";"";"";"";"";"";""
"GALP A.S. Leiria";"";"";"";"";"";"";"";"";"";"";"";""
"Rodrigues e Lagarto, Monte Real";"";"";"";"";"";"";"";"";"";"";"";""
"GALP A.S. Leiria (Continente)";"";"";"";"";"";"";"";"";"";"";"";""
"GALP Boa Vista - Leiria  (13110)";"";"";"";"";"";"";"";"";"";"";"";""
"PB GALP VALE GRACIOSO";"";"";"";"";"";"";"";"";"";"";"";""
"JOSÉ MONTEIRO DE SOUSA, LDA. (2)";"";"";"";"";"";"";"";"";"";"";"";""
"Rodrigues  e Lagarto Leiria";"";"";"";"";"";"";"";"";"";"";"";""
"GALP Rua Arco do Cego";"";"";"";"";"";"";"";"";"";"";"";""
"GALP A.S. Aeroporto (S/N)";"";"";"";"";"";"";"";"";"";"";"";""
"GALP Aeroporto (N/S)";"";"";"";"";"";"";"";"";"";"";"";""
"GALP Calçada de Carriche (Lis/Odiv)";"";"";"";"";"";"";"";"";"";"";"";""
"GALP Calçada de Carriche II (Odv/Lis)";"";"";"";"";"";"";"";"";"";"";"";""
"TRANQUILO PLANALTO LDA";"";"";"";"";"";"";"";"";"";"";"";""
"GALP  - AUTO FASCINANTE, LDA.";"";"";"";"";"";"";"";"";"";"";"";""
"JALCRIMAR, LDA";"";"";"";"";"";"";"";"";"";"";"";""
"GALP Lumiar - Rua Francisco Stromp - 11294";"";"";"";"";"";"";"";"";"";"";"";""
"GALP Av. Berlim";"";"";"";"";"";"";"";"";"";"";"";""
"GALP A.S. Telheiras - Eixo Norte-Sul (S/N)";"";"";"";"";"";"";"";"";"";"";"";""
"GALP Duarte Pacheco (LIS/CAS)";"";"";"";"";"";"";"";"";"";"";"";""
"GALP A.S. Lisboa - Av. Padre Cruz";"";"";"";"";"";"";"";"";"";"";"";""
"GALP A.S. Olivais";"";"";"";"";"";"";"";"";"";"";"";""
"GALP Ajuda";"";"";"";"";"";"";"";"";"";"";"";""
"LUBRISUL - LUBRIFICANTES E COMBUSTÍVEIS, LDA.";"";"";"";"";"";"";"";"";"";"";"";""
"LUBRISUL - Lubrificantes ";"";"";"";"";"";"";"";"";"";"";"";""
"GALP A.S. Vilamoura - (Albufeira/Vilamoura)";"";"";"";"";"";"";"";"";"";"";"";""
"GALP A.S. Loulé (Loulé/Faro)";"";"";"";"";"";"";"";"";"";"";"";""
"GALP A22 Loulé (Faro/Loulé)";"";"";"";"";"";"";"";"";"";"";"";""
"Galp A.S. Loures (Lisboa-Loures)";"";"";"";"";"";"";"";"";"";"";"";""
"GALP São Julião do Tojal MSRI";"";"";"";"";"";"";"";"";"";"";"";""
"MARVIMAR, LDA. (1)";"";"";"";"";"";"";"";"";"";"";"";""
"Rodrigues  Lagarto, Pinheiro de Loures";"";"";"";"";"";"";"";"";"";"";"";""
"MARVIMAR, LDA. (2)";"";"";"";"";"";"";"";"";"";"";"";""
"Petrosalsa - Distribuição de Combustíveis, Lda";"";"";"";"";"";"";"";"";"";"";"";""
"ACESSÓRIOS VICTÓRIA, LDA.";"";"";"";"";"";"";"";"";"";"";"";""
"E.S. SANTA IRIA DE AZOIA";"";"";"";"";"";"";"";"";"";"";"";""
"ANIBAL ANTUNES BANDEIRA LDA";"";"";"";"";"";"";"";"";"";"";"";""
"Chamauto, Lda.";"";"";"";"";"";"";"";"";"";"";"";""
"Chamauto - Sociedade Transmontana de Automóveis, Lda";"";"";"";"";"";"";"";"";"";"";"";""
"PETROPOVOA, LDA.";"";"";"";"";"";"";"";"";"";"";"";""
"AUTOMAFRA - PNEUS AC. COMB. VIAT., LDA.";"";"";"";"";"";"";"";"";"";"";"";""
"José Vasco Simões & Filhos, Lda";"";"";"";"";"";"";"";"";"";"";"";""
"PETROPÓVOA LDA";"";"";"";"";"";"";"";"";"";"";"";""
"PETROMENINOS LDA";"";"";"";"";"";"";"";"";"";"";"";""
"Ramos Teixeira & Carmo Lda.";"";"";"";"";"";"";"";"";"";"";"";""
"GALP A.S. Águas Santas (Porto/Amar)";"";"";"";"";"";"";"";"";"";"";"";""
"GALP A.S. Águas Santas (Amar/Porto)";"";"";"";"";"";"";"";"";"";"";"";""
"PASV LDA Centro";"";"";"";"";"";"";"";"";"";"";"";""
"Galp Alpendorada";"";"";"";"";"";"";"";"";"";"";"";""
"António Pereira da Rocha & Cª,  L";"";"";"";"";"";"";"";"";"";"";"";""
"GASOGASGEST - GESTÃO DE P.A.'s, LDA. (1)";"";"";"";"";"";"";"";"";"";"";"";""
"GASOGASGEST - GESTÃO DE P.A.'s, LDA. (2)";"";"";"";"";"";"";"";"";"";"";"";""
"CUNHA E MONTEIRO LDA";"";"";"";"";"";"";"";"";"";"";"";""
"Torres & Vaz, Lda (1)";"";"";"";"";"";"";"";"";"";"";"";""
"Torres & Vaz, Lda (2)";"";"";"";"";"";"";"";"";"";"";"";""
"TORRES E DIAS LDA";"";"";"";"";"";"";"";"";"";"";"";""
"Socovira - Soc. Comb. V. Rápida Lda";"";"";"";"";"";"";"";"";"";"";"";""
"Torres & Vaz Lda";"";"";"";"";"";"";"";"";"";"";"";""
"Auto Abast.  António P.  Silva Lda";"";"";"";"";"";"";"";"";"";"";"";""
"GALP NORTE SHOPPING";"";"";"";"";"";"";"";"";"";"";"";""
"GALP Leça da Palmeira";"";"";"";"";"";"";"";"";"";"";"";""
"GALP Matosinhos - Real";"";"";"";"";"";"";"";"";"";"";"";""
"PETROGIR SANTA LUZIA S/N";"";"";"";"";"";"";"";"";"";"";"";""
"PETROGIR  SANTA LUZIA N/S";"";"";"";"";"";"";"";"";"";"";"";""
"Auto Medense, Unipessoal, Lda";"";"";"";"";"";"";"";"";"";"";"";""
"GALP Mesão Frio";"";"";"";"";"";"";"";"";"";"";"";""
"Fresco & Gomes Lda.";"";"";"";"";"";"";"";"";"";"";"";""
"FRESCO & GOMES LDA";"";"";"";"";"";"";"";"";"";"";"";""
"Viuva Borralho ";"";"";"";"";"";"";"";"";"";"";"";""
"Viuva Borralho & Fos. Lda.";"";"";"";"";"";"";"";"";"";"";"";""
"Posto Galp Malhadas";"";"";"";"";"";"";"";"";"";"";"";""
"Mário & Meireles Lda";"";"";"";"";"";"";"";"";"";"";"";""
"GALP  Mirandela";"";"";"";"";"";"";"";"";"";"";"";""
"VIRLIS - COM. AUTOMOVEIS, LDA";"";"";"";"";"";"";"";"";"";"";"";""
"ESTAÇÃO DE SERVIÇO CENTRAL, LDA.";"";"";"";"";"";"";"";"";"";"";"";""
"ESTAÇÃO DE SERVIÇO CENTRAL, LDA. (A. Vedros)";"";"";"";"";"";"";"";"";"";"";"";""
"Teixeira e Loureiro, lda";"";"";"";"";"";"";"";"";"";"";"";""
"M J Vendeiro,lda";"";"";"";"";"";"";"";"";"";"";"";""
"Sergio Barreira Azevedo, lda";"";"";"";"";"";"";"";"";"";"";"";""
"SOUSA & MARQUÊZ - MONTEMOR";"";"";"";"";"";"";"";"";"";"";"";""
"LUBRICENTRO DOIS CCA LDA";"";"";"";"";"";"";"";"";"";"";"";""
"CRISALBI, LDA";"";"";"";"";"";"";"";"";"";"";"";""
"MANUEL GREGÓRIO DOS SANTOS P. COUTINHO";"";"";"";"";"";"";"";"";"";"";"";""
"MARQUES & FILHO - MOURÃO";"";"";"";"";"";"";"";"";"";"";"";""
"Chamauto  Murça";"";"";"";"";"";"";"";"";"";"";"";""
"LEAL, LEAL & INÊS, LDA.";"";"";"";"";"";"";"";"";"";"";"";""
"J. P. CALDEIRA ";"";"";"";"";"";"";"";"";"";"";"";""
"MARIA ESPERANÇA C. JACOB HERDEIROS";"";"";"";"";"";"";"";"";"";"";"";""
"MARIA ESPERANÇA C. JACOB, HERD";"";"";"";"";"";"";"";"";"";"";"";""
"BOTELHOS II, LDA.";"";"";"";"";"";"";"";"";"";"";"";""
"GALP  Odivelas Parque";"";"";"";"";"";"";"";"";"";"";"";""
"AUTO ABASTECEDORA DE COMBUSTÍVEIS DA PAIÃ, LDA.";"";"";"";"";"";"";"";"";"";"";"";""
"PETROFAST, LDA";"";"";"";"";"";"";"";"";"";"";"";""
"PETROFAST - POSTOS DE ABASTECIMENTO, LDA.";"";"";"";"";"";"";"";"";"";"";"";""
"GALP Queijas";"";"";"";"";"";"";"";"";"";"";"";""
"GALP Oeiras Parque I";"";"";"";"";"";"";"";"";"";"";"";""
"GALP Oeiras Parque II";"";"";"";"";"";"";"";"";"";"";"";""
"GALP A.S. Alfragide (Lis/Ama)";"";"";"";"";"";"";"";"";"";"";"";""
"GALP A.S. Oeiras (Lisb/Casc)";"";"";"";"";"";"";"";"";"";"";"";""
"GALP A.S. Oeiras (Casc/Lisb)";"";"";"";"";"";"";"";"";"";"";"";""
"MONTAVIL - S. C. MONCARAPACHO, LDA.";"";"";"";"";"";"";"";"";"";"";"";""
"LUBRIOLHÃO - LUBES E COMB., LDA.";"";"";"";"";"";"";"";"";"";"";"";""
"AS São João Madeira II";"";"";"";"";"";"";"";"";"";"";"";""
"Torres & Vaz, Lda(2)";"";"";"";"";"";"";"";"";"";"";"";""
"Juststrong, Lda";"";"";"";"";"";"";"";"";"";"";"";""
"GALP - Oliveira de  Frades";"";"";"";"";"";"";"";"";"";"";"";""
"RODRIGUES E VASCONCELOS LDA";"";"";"";"";"";"";"";"";"";"";"";""
"COMBUSTIVEIS BAIRRADA LDA(1)";"";"";"";"";"";"";"";"";"";"";"";""
"COMBUSTIVEIS BAIRRADA LDA(2)";"";"";"";"";"";"";"";"";"";"";"";""
"MANUEL SILVA BRAZ";"";"";"";"";"";"";"";"";"";"";"";""
"TIBERIO CABRAL HERDEIROS LDA";"";"";"";"";"";"";"";"";"";"";"";""
"ACÁCIO MARQUES GOMES";"";"";"";"";"";"";"";"";"";"";"";""
"Petrourém - Sociedade Ouriense Derivados do Petroleo Lda.";"";"";"";"";"";"";"";"";"";"";"";""
"FERRAZES - COMBUSTIVEIS E ÓLEOS, LDA";"";"";"";"";"";"";"";"";"";"";"";""
"PETROMESTRE - UNIPESSOAL, LDA";"";"";"";"";"";"";"";"";"";"";"";""
"Caravela Lusa - Combustiveis, Ldª";"";"";"";"";"";"";"";"";"";"";"";""
"Caravela Lusa - Comb. Lda";"";"";"";"";"";"";"";"";"";"";"";""
"Caravela Lusa, Lda(1)";"";"";"";"";"";"";"";"";"";"";"";""
"FSI - Comércio de Combustíveis, SA";"";"";"";"";"";"";"";"";"";"";"";""
"AUTO MOURA Posto de Abastecimento GALP Carvalhosa";"";"";"";"";"";"";"";"";"";"";"";""
"GALP A2 A.S. Palmela (N/S)";"";"";"";"";"";"";"";"";"";"";"";""
"GALP A2 A.S. Palmela (S/N)";"";"";"";"";"";"";"";"";"";"";"";""
"Estação de Serviço Central, Lda._2";"";"";"";"";"";"";"";"";"";"";"";""
"J. J. BEJA, LDA.";"";"";"";"";"";"";"";"";"";"";"";""
"VGV - Abast.Mont.Gás,Unipessoal,Lda.";"";"";"";"";"";"";"";"";"";"";"";""
"Chamauto,lda Cristelo";"";"";"";"";"";"";"";"";"";"";"";""
"Galp - Paredes - Av. Da República, 146";"";"";"";"";"";"";"";"";"";"";"";""
"Calculo Triunfal - PA PRIO Rebordosa";"";"";"";"";"";"";"";"";"";"";"";""
"TFGest - Gestão e Comércio de Produtos Petrolíferos, Lda.";"";"";"";"";"";"";"";"";"";"";"";""
"VGV – Abast. Mont. Gás, Unipessoal, Lda";"";"";"";"";"";"";"";"";"";"";"";""
"COMBSANTOS PENALVA DO CASTELO";"";"";"";"";"";"";"";"";"";"";"";""
"Luis Duarte Martins, Lda.";"";"";"";"";"";"";"";"";"";"";"";""
"Lubricentro Dois-C.Comb.Aut., Lda.";"";"";"";"";"";"";"";"";"";"";"";""
"Leal, Leal & Inês, Lda. ";"";"";"";"";"";"";"";"";"";"";"";""
"LUÍS JOSÉ BRUNO PEREIRA, LDA.(2)";"";"";"";"";"";"";"";"";"";"";"";""
"GALP TOMEIFEL";"";"";"";"";"";"";"";"";"";"";"";""
"TOMEIFEL, LDA";"";"";"";"";"";"";"";"";"";"";"";""
"Baraças, Irmãos Unidos & Aguiar, Lda(2)";"";"";"";"";"";"";"";"";"";"";"";""
"Nunes & Filhos, Lda 1";"";"";"";"";"";"";"";"";"";"";"";""
"Nunes & Filhos, Lda 2";"";"";"";"";"";"";"";"";"";"";"";""
"Galp A.S. Pombal (S/N)";"";"";"";"";"";"";"";"";"";"";"";""
"Galp A.S. Pombal (N/S)";"";"";"";"";"";"";"";"";"";"";"";""
"Gonçalo Bouças & Fernandes, Lda.";"";"";"";"";"";"";"";"";"";"";"";""
"J. Pimenta & Filhos, Lda.";"";"";"";"";"";"";"";"";"";"";"";""
"J Pimenta & Filhos, Ldª";"";"";"";"";"";"";"";"";"";"";"";""
"Petroalves - Distribuidor de Combustíveis e Lubrificantes, Lda.";"";"";"";"";"";"";"";"";"";"";"";""
"GÁSLEGRE - COMBUSTÍVEIS PORTALEGRE, LDA.";"";"";"";"";"";"";"";"";"";"";"";""
"Lubripor - Lub. Comb. Portalegre";"";"";"";"";"";"";"";"";"";"";"";""
"A.C.M.Nunes, Lda";"";"";"";"";"";"";"";"";"";"";"";""
"ARM – Soc.Algarvia de Comb.lda";"";"";"";"";"";"";"";"";"";"";"";""
"Socovira - Sociedade combustiveis Via Rápida, Ldª";"";"";"";"";"";"";"";"";"";"";"";""
"F OLIVEIRA MARTINS E COMPANHIA LDA";"";"";"";"";"";"";"";"";"";"";"";""
"Petroazul - Combustiveis e Serviços, Lda";"";"";"";"";"";"";"";"";"";"";"";""
"P21 -SHELL Porto - Constituição";"";"";"";"";"";"";"";"";"";"";"";""
"GALP Freixo";"";"";"";"";"";"";"";"";"";"";"";""
"GALP Boavista";"";"";"";"";"";"";"";"";"";"";"";""
"E.S. CUMEIRA DE CIMA";"";"";"";"";"";"";"";"";"";"";"";""
"BP Av. Republica Este (1)";"";"";"";"";"";"";"";"";"";"";"";""
"Repsol Avenida da República Oeste (II)";"";"";"";"";"";"";"";"";"";"";"";""
"RIO ALTO EMPRESAS TURISTICOS LDA(1)";"";"";"";"";"";"";"";"";"";"";"";""
"RIO ALTO EMPRESAS TURISTICOS LDA(2)";"";"";"";"";"";"";"";"";"";"";"";""
"GALP Póvoa de Varzim";"";"";"";"";"";"";"";"";"";"";"";""
"PETROREGUENGOS";"";"";"";"";"";"";"";"";"";"";"";""
"MARQUES & FILHO - REGUENGOS";"";"";"";"";"";"";"";"";"";"";"";""
"Guilherme Dias & Filho, Lda.";"";"";"";"";"";"";"";"";"";"";"";""
"Petropenense - Unipessoal, Ldª";"";"";"";"";"";"";"";"";"";"";"";""
"Deleite do Viajante, Lda.";"";"";"";"";"";"";"";"";"";"";"";""
"António Man & David Alexandre";"";"";"";"";"";"";"";"";"";"";"";""
"GALP A.S. Salvaterra de Magos (N/S)";"";"";"";"";"";"";"";"";"";"";"";""
"GALP A.S. Salvaterra de Magos (S/N)";"";"";"";"";"";"";"";"";"";"";"";""
"GALP Arrifana (Posto 16008)";"";"";"";"";"";"";"";"";"";"";"";""
"ERNESTO F COELHO SUCESSORES LDA";"";"";"";"";"";"";"";"";"";"";"";""
"José Cardoso Oliveira Dolores";"";"";"";"";"";"";"";"";"";"";"";""
"J. M. CORDEIRO, LDA.(1)";"";"";"";"";"";"";"";"";"";"";"";""
"J. M. CORDEIRO, LDA.(2)";"";"";"";"";"";"";"";"";"";"";"";""
"JUNTA DE FREGUESIA DE PERNES";"";"";"";"";"";"";"";"";"";"";"";""
"GALP SANTARÉM";"";"";"";"";"";"";"";"";"";"";"";""
"JOSÉ C. SIMÕES & MANUEL P. SIMÕES, LDA.";"";"";"";"";"";"";"";"";"";"";"";""
"RAIVEL E SOBRAL, LDA.";"";"";"";"";"";"";"";"";"";"";"";""
"S.C.S. - SOCIEDADE DE COMBUSTÍVEIS DE SANTIAGO, LDA.";"";"";"";"";"";"";"";"";"";"";"";""
"Teixeira ";"";"";"";"";"";"";"";"";"";"";"";""
"VGV,lda Santo Tirso";"";"";"";"";"";"";"";"";"";"";"";""
"LUBRIBRÁS - COMB. E LUB., LDA.";"";"";"";"";"";"";"";"";"";"";"";""
"GALP São João Madeira I";"";"";"";"";"";"";"";"";"";"";"";""
"SILVA E CARVALHAS LDA(1)";"";"";"";"";"";"";"";"";"";"";"";""
"SILVA E CARVALHAS LDA(2)";"";"";"";"";"";"";"";"";"";"";"";""
"Ultra Resistente - Combustiveis, Ldª";"";"";"";"";"";"";"";"";"";"";"";""
"CHAVES E IRMAO LDA";"";"";"";"";"";"";"";"";"";"";"";""
"AUTO POSTO 8600 - COMÉRCIO DE COMB., LDA.";"";"";"";"";"";"";"";"";"";"";"";""
"Petrolinos, Lda";"";"";"";"";"";"";"";"";"";"";"";""
"ISMAEL AFONSO & COMPANHIA, LDA.";"";"";"";"";"";"";"";"";"";"";"";""
"AUTO SERVIÇO - COMBUSTÍVEIS DE SANTA MARTA, LDA.";"";"";"";"";"";"";"";"";"";"";"";""
"BP A2 SEIXAL";"";"";"";"";"";"";"";"";"";"";"";""
"ANTONIO ANTUNES  MARTINS";"";"";"";"";"";"";"";"";"";"";"";""
"JOAO SIMOES MATA SILVA LDA";"";"";"";"";"";"";"";"";"";"";"";""
"Francisco Laia Nunes, Lda";"";"";"";"";"";"";"";"";"";"";"";""
"REBOLA & FILHO, LDA.(1)";"";"";"";"";"";"";"";"";"";"";"";""
"LEONEL DO ROSÁRIO JORGE, LDA.";"";"";"";"";"";"";"";"";"";"";"";""
"LEONEL ROSÁRIO JORGE, LDA.";"";"";"";"";"";"";"";"";"";"";"";""
"Estação de Serviço Central";"";"";"";"";"";"";"";"";"";"";"";""
"NELSON LOUREIRO LDA";"";"";"";"";"";"";"";"";"";"";"";""
"Lotiarm - Comércio de Veículos, S.A.";"";"";"";"";"";"";"";"";"";"";"";""
"Mendes & Loureiro - Comb. e Lubs., Lda";"";"";"";"";"";"";"";"";"";"";"";""
"Lubriolhão, lda";"";"";"";"";"";"";"";"";"";"";"";""
"J. M. ESTIVEIRA, LDA.";"";"";"";"";"";"";"";"";"";"";"";""
"PETROSIRIUS, LDA";"";"";"";"";"";"";"";"";"";"";"";""
"INOGÁS - COMERCIO DE COMBUSTIVEIS, LDA";"";"";"";"";"";"";"";"";"";"";"";""
"NOEMIA G. G. VILHENA VARGAS";"";"";"";"";"";"";"";"";"";"";"";""
"GALP Sines";"";"";"";"";"";"";"";"";"";"";"";""
"Alchemy Explorers – Combustíveis, Lda.";"";"";"";"";"";"";"";"";"";"";"";""
"OPTIMISTIKPRIORITY - COMB., LDA.";"";"";"";"";"";"";"";"";"";"";"";""
"GPAB – Posto de abastecimento Unipessoal, Lda.";"";"";"";"";"";"";"";"";"";"";"";""
"PETROLINOS, LDA.";"";"";"";"";"";"";"";"";"";"";"";""
"ALVES MOTA, LDA.";"";"";"";"";"";"";"";"";"";"";"";""
"ERFRAM - COMBUSTIVEIS ALGUEIRAO, LDA";"";"";"";"";"";"";"";"";"";"";"";""
"AUTO PINTASSILGO, LDA";"";"";"";"";"";"";"";"";"";"";"";""
"PETROPÓVOA - COMÉRCIO DE COMBUSTÍVEIS, LDA.";"";"";"";"";"";"";"";"";"";"";"";""
"GALP Sobral de Monte Agraço";"";"";"";"";"";"";"";"";"";"";"";""
"DULCE RODRIGUES, LDA ";"";"";"";"";"";"";"";"";"";"";"";""
"PETROGIR TABUA 2";"";"";"";"";"";"";"";"";"";"";"";""
"A. Pinto - Com. de Comb. Lda.";"";"";"";"";"";"";"";"";"";"";"";""
"RODRIGUES & RAMOS, LDA.";"";"";"";"";"";"";"";"";"";"";"";""
"A. Pinto - Com. de Comb. Lda";"";"";"";"";"";"";"";"";"";"";"";""
"IBEROCOMBUSTIVEIS, LDA";"";"";"";"";"";"";"";"";"";"";"";""
"Soares, Cerqueira & Cunha, Lda.";"";"";"";"";"";"";"";"";"";"";"";""
"Gaslegre, lda  -  Tomar";"";"";"";"";"";"";"";"";"";"";"";""
"PETROSALSA - DIST. COMB., LDA.(2)";"";"";"";"";"";"";"";"";"";"";"";""
"PETROSALSA - DIST. COMB., LDA.(1)";"";"";"";"";"";"";"";"";"";"";"";""
"PEREIRAS, LDA.(1)";"";"";"";"";"";"";"";"";"";"";"";""
"GALP A8 A.S. Torres Vedras (N/S)";"";"";"";"";"";"";"";"";"";"";"";""
"GALP A8 A.S. Torres Vedras (S/N)";"";"";"";"";"";"";"";"";"";"";"";""
"PEREIRAS, LDA.(2)";"";"";"";"";"";"";"";"";"";"";"";""
"BARM, Comercio e Combustiveis, Lda";"";"";"";"";"";"";"";"";"";"";"";""
"Petrovaz - Rev. Comb. Granel, Lda";"";"";"";"";"";"";"";"";"";"";"";""
"GALP A3 A.S. Trofa (Por/Bra)";"";"";"";"";"";"";"";"";"";"";"";""
"GALP A3 A.S. Trofa (Bra/Por)";"";"";"";"";"";"";"";"";"";"";"";""
"Domingos & Júlia Tristão, Lda.";"";"";"";"";"";"";"";"";"";"";"";""
"Costa & Silva, Lda.";"";"";"";"";"";"";"";"";"";"";"";""
"PRIO VALONGO";"";"";"";"";"";"";"";"";"";"";"";""
"LEONTINA ALVES RAMOS (1)";"";"";"";"";"";"";"";"";"";"";"";""
"Morais, Lda.";"";"";"";"";"";"";"";"";"";"";"";""
"CRISALBI";"";"";"";"";"";"";"";"";"";"";"";""
"GALP Viana do Alentejo";"";"";"";"";"";"";"";"";"";"";"";""
"Sociedade Combustiveis Silva do Vale, Ldª";"";"";"";"";"";"";"";"";"";"";"";""
"António R. O. Amaral & Fº, Ldº ";"";"";"";"";"";"";"";"";"";"";"";""
"ANTONIO R. OLIVEIRA AMARAL & FILHO, LDA";"";"";"";"";"";"";"";"";"";"";"";""
"ROCHA E COSTA LDA";"";"";"";"";"";"";"";"";"";"";"";""
"BP Cerdeirinhas";"";"";"";"";"";"";"";"";"";"";"";""
"VREI, Lda.";"";"";"";"";"";"";"";"";"";"";"";""
"E.S. SAGRES";"";"";"";"";"";"";"";"";"";"";"";""
"Auto Benguiados - Com. e Serviços Automóvel, Lda";"";"";"";"";"";"";"";"";"";"";"";""
"GALP Mindelo";"";"";"";"";"";"";"";"";"";"";"";""
"Auto Bemguiados - Com. e Serviços Automóvel, Lda";"";"";"";"";"";"";"";"";"";"";"";""
"GALP A.S. Vila do Conde (Vila Conde/Porto)";"";"";"";"";"";"";"";"";"";"";"";""
"GALP A.S. Vila do Conde (Porto/Vila Conde)";"";"";"";"";"";"";"";"";"";"";"";""
"PETROSALSA – Distribuição de Combustíveis, Lda.";"";"";"";"";"";"";"";"";"";"";"";""
"Rodrigues & Lagarto, lda";"";"";"";"";"";"";"";"";"";"";"";""
"GALP VILA FRANCA XIRA";"";"";"";"";"";"";"";"";"";"";"";""
"Rodrigues e Lagarto ,lda";"";"";"";"";"";"";"";"";"";"";"";""
"GALP Av 9 de Julho";"";"";"";"";"";"";"";"";"";"";"";""
"BP Famalicão - D. Sancho I";"";"";"";"";"";"";"";"";"";"";"";""
"GALP A.S. A7 Ceide (Famalicão/Guimarães)";"";"";"";"";"";"";"";"";"";"";"";""
"GALP A.S. A7 Ceide (Guimarães/Famalicão)";"";"";"";"";"";"";"";"";"";"";"";""
"Comb. Foz Côa - Posto Abast. Lda.";"";"";"";"";"";"";"";"";"";"";"";""
"VIDA N'AVENIDA - COMBUSTIVEIS, LDA";"";"";"";"";"";"";"";"";"";"";"";""
"Q8 Vilar do Paraíso";"";"";"";"";"";"";"";"";"";"";"";""
"GALP Rechousa";"";"";"";"";"";"";"";"";"";"";"";""
"PGL Sabores, Lda.";"";"";"";"";"";"";"";"";"";"";"";""
"Pneus Vidago, Lda";"";"";"";"";"";"";"";"";"";"";"";""
"João Moisés Vital da Silva";"";"";"";"";"";"";"";"";"";"";"";""
"Chamauto, Lda";"";"";"";"";"";"";"";"";"";"";"";""
"Petrolourerio, Lda";"";"";"";"";"";"";"";"";"";"";"";""
"E.S. MONTE GORDO";"";"";"";"";"";"";"";"";"";"";"";""
"MIGUEL SALAS - COMÉRCIO DE COMBUSTÍVEIS, UNIPESSOAL, LDA";"";"";"";"";"";"";"";"";"";"";"";""
"GALP A.S. A23 Vila Velha de Rodão (N/S)";"";"";"";"";"";"";"";"";"";"";"";""
"GALP A.S. A23 Vila Velha de Rodão (S/N)";"";"";"";"";"";"";"";"";"";"";"";""
"RUIVO & CARMONA, LDA.";"";"";"";"";"";"";"";"";"";"";"";""
"BOMBAGAS COMBUSTIVEIS E LUBRIFICANTES LDA";"";"";"";"";"";"";"";"";"";"";"";""
"Santos da Cunha 6 - Logística e Transportes, Lda. ";"";"";"";"";"";"";"";"";"";"";"";""
"CALIPOENERGY, Lda.";"";"";"";"";"";"";"";"";"";"";"";""
"Petrocentro - Comb. Deriv. Petróleo, Lda";"";"";"";"";"";"";"";"";"";"";"";""
"SDL - Soc. Dist. Lubs, Lda";"";"";"";"";"";"";"";"";"";"";"";""
"GALP Viseu (Largo da Feira)";"";"";"";"";"";"";"";"";"";"";"";""
"R.P.I. Vale & Fernandes, Ldª";"";"";"";"";"";"";"";"";"";"";"";""
"GALP A.S. A25 Vouzela (Viseu/Aveiro)";"";"";"";"";"";"";"";"";"";"";"";""
"GALP A25 Vouzela (Aveiro/Viseu)";"";"";"";"";"";"";"";"";"";"";"";""
"Tomás António & Moreiras, Lda";"";"";"";"";"";"";"";"";"";"";"";""
"Pit Lane, Lda";"";"";"";"";"";"";"";"";"";"";"";""
"GALP Ermesinde - Continente";"";"";"";"";"";"";"";"";"";"";"";""
"C. P. P., LDA.";"";"";"";"";"";"";"";"";"";"";"";""
"Café - Restaurante Primavera, Lda";"";"";"";"";"";"";"";"";"";"";"";""
"José Freitas, Lda.";"";"";"";"";"";"";"";"";"";"";"";""
"Controlsuper - Com. de Combustiveis Lda 1";"";"";"";"";"";"";"";"";"";"";"";""
"BP Arcozelo";"";"";"";"";"";"";"";"";"";"";"";""
"Petrogir - Combustiveis e Lubrificantes, Lda.";"";"";"";"";"";"";"";"";"";"";"";""
"AUTO MOURA - Posto GALP Portagens Valongo";"";"";"";"";"";"";"";"";"";"";"";""
"Auto Reparadora Moura, Lda.";"";"";"";"";"";"";"";"";"";"";"";""
"L. A. CAMEIRINHA , LDA";"";"";"";"";"";"";"";"";"";"";"";""
"Lita & Azenhas - Combistiveis, Ldª";"";"";"";"";"";"";"";"";"";"";"";""
"GALP GAIA";"";"";"";"";"";"";"";"";"";"";"";""
"GALP A13 A.S. Montijo km 16 (S/N)";"";"";"";"";"";"";"";"";"";"";"";""
"GALP A13 A.S. Montijo Km 16 (N/S)";"";"";"";"";"";"";"";"";"";"";"";""
"BP A1 Mealhada (Este)";"";"";"";"";"";"";"";"";"";"";"";""
"BP A1 Mealhada (Oeste)";"";"";"";"";"";"";"";"";"";"";"";""
"BP A1 Santarém (Este)";"";"";"";"";"";"";"";"";"";"";"";""
"BP A1 Santarém (Oeste)";"";"";"";"";"";"";"";"";"";"";"";""
"BP A-8 Nazaré Sentido Sul/Norte";"";"";"";"";"";"";"";"";"";"";"";""
"BP A-8 Nazaré Sentido Norte/Sul";"";"";"";"";"";"";"";"";"";"";"";""
"ÁGUAS SANTAS";"";"";"";"";"";"";"";"";"";"";"";""
"ALFARIM";"";"";"";"";"";"";"";"";"";"";"";""
"ALFENA";"";"";"";"";"";"";"";"";"";"";"";""
"Almada - Variante";"";"";"";"";"";"";"";"";"";"";"";""
"BP IC 20 Almada - (Via Rápida Sul)";"";"";"";"";"";"";"";"";"";"";"";""
"BP ALPIARÇA";"";"";"";"";"";"";"";"";"";"";"";""
"AMADORA - MOINHOS DA FUNCHEIRA";"";"";"";"";"";"";"";"";"";"";"";""
"BP AMADORA";"";"";"";"";"";"";"";"";"";"";"";""
"PA GESTROIL Arranhó (Carbuiberia)";"";"";"";"";"";"";"";"";"";"";"";""
"AVEIRO (ESTE)";"";"";"";"";"";"";"";"";"";"";"";""
"AVEIRO (OESTE)";"";"";"";"";"";"";"";"";"";"";"";""
"BP GILMONDE";"";"";"";"";"";"";"";"";"";"";"";""
"Manuel Joaquim Pereira & Ca. Lda.";"";"";"";"";"";"";"";"";"";"";"";""
"BP Martim";"";"";"";"";"";"";"";"";"";"";"";""
"BP Alto da Telha";"";"";"";"";"";"";"";"";"";"";"";""
"BEJA - LUZIAS";"";"";"";"";"";"";"";"";"";"";"";""
"BP Beja (Variante)";"";"";"";"";"";"";"";"";"";"";"";""
"PRIO CANTARIAS";"";"";"";"";"";"";"";"";"";"";"";""
"BP SÃO LAZARO";"";"";"";"";"";"";"";"";"";"";"";""
"BP Bustos (Oliveira do Bairro)";"";"";"";"";"";"";"";"";"";"";"";""
"C. RAINHA - R. GEN. A. MOTA";"";"";"";"";"";"";"";"";"";"";"";""
"BP CABÊDA";"";"";"";"";"";"";"";"";"";"";"";""
"BP Cacém - IC19";"";"";"";"";"";"";"";"";"";"";"";""
"CANTANHEDE";"";"";"";"";"";"";"";"";"";"";"";""
"BP CARNAXIDE";"";"";"";"";"";"";"";"";"";"";"";""
"CARREGADO";"";"";"";"";"";"";"";"";"";"";"";""
"CARTAXO";"";"";"";"";"";"";"";"";"";"";"";""
"BP Carvalhos - PA";"";"";"";"";"";"";"";"";"";"";"";""
"BP Perosinho";"";"";"";"";"";"";"";"";"";"";"";""
"BP Casal do Marco (NORTE)";"";"";"";"";"";"";"";"";"";"";"";""
"BP Casal do Marco (SUL)";"";"";"";"";"";"";"";"";"";"";"";""
"BP Mina (Castelo Branco)";"";"";"";"";"";"";"";"";"";"";"";""
"COIMBRA - PEDRULHA";"";"";"";"";"";"";"";"";"";"";"";""
"COIMBRA (OESTE)";"";"";"";"";"";"";"";"";"";"";"";""
"COLARES";"";"";"";"";"";"";"";"";"";"";"";""
"BP CORROIOS";"";"";"";"";"";"";"";"";"";"";"";""
"ELVAS";"";"";"";"";"";"";"";"";"";"";"";""
"ERICEIRA";"";"";"";"";"";"";"";"";"";"";"";""
"PA BP Esmoriz";"";"";"";"";"";"";"";"";"";"";"";""
"ESTORIL - ST. ANTÓNIO";"";"";"";"";"";"";"";"";"";"";"";""
"ESTORIL - TAMARIZ";"";"";"";"";"";"";"";"";"";"";"";""
"ÉVORA";"";"";"";"";"";"";"";"";"";"";"";""
"FAMALICÃO AV. DESCOBRIMENTOS";"";"";"";"";"";"";"";"";"";"";"";""
"FAMALICÃO - AV. BRASIL";"";"";"";"";"";"";"";"";"";"";"";""
"Bp-Calendário";"";"";"";"";"";"";"";"";"";"";"";""
"PA Bp Famões";"";"";"";"";"";"";"";"";"";"";"";""
"BP VARZIELA FELGUEIRAS";"";"";"";"";"";"";"";"";"";"";"";""
"BP Figueira da Foz";"";"";"";"";"";"";"";"";"";"";"";""
"BP FUNDÃO";"";"";"";"";"";"";"";"";"";"";"";""
"BP FANZERES";"";"";"";"";"";"";"";"";"";"";"";""
"BP GRANDOLA (ESTE)";"";"";"";"";"";"";"";"";"";"";"";""
"BP GRANDOLA (OESTE)";"";"";"";"";"";"";"";"";"";"";"";""
"IP4 FRANCO (NORTE)";"";"";"";"";"";"";"";"";"";"";"";""
"IP4 FRANCO (SUL)";"";"";"";"";"";"";"";"";"";"";"";""
"BP Vilar Formoso (Norte)";"";"";"";"";"";"";"";"";"";"";"";""
"Bp Vilar Formoso (Sul )";"";"";"";"";"";"";"";"";"";"";"";""
"BP AEROPORTO";"";"";"";"";"";"";"";"";"";"";"";""
"BP AV. PADRE CRUZ";"";"";"";"";"";"";"";"";"";"";"";""
"LISBOA - COLUMBANO";"";"";"";"";"";"";"";"";"";"";"";""
"BP BOM SUCESSO";"";"";"";"";"";"";"";"";"";"";"";""
"BP ESTRADA DA LUZ";"";"";"";"";"";"";"";"";"";"";"";""
"BP Moscavide";"";"";"";"";"";"";"";"";"";"";"";""
"BP PARQUE DAS NAÇÕES";"";"";"";"";"";"";"";"";"";"";"";""
"LISBOA - R. DOMINGOS SEQUEIRA";"";"";"";"";"";"";"";"";"";"";"";""
"BP RESTELO";"";"";"";"";"";"";"";"";"";"";"";""
"LORDELO";"";"";"";"";"";"";"";"";"";"";"";""
"BP - R. Serpa Pinto";"";"";"";"";"";"";"";"";"";"";"";""
"BP QUINTA NOVA";"";"";"";"";"";"";"";"";"";"";"";""
"BP DA LOURINHÃ";"";"";"";"";"";"";"";"";"";"";"";""
"BP MAIA-ARDEGÃES";"";"";"";"";"";"";"";"";"";"";"";""
"MAIA - R. AUGUSTO SIMÕES";"";"";"";"";"";"";"";"";"";"";"";""
"BP  Malaposta (Este)";"";"";"";"";"";"";"";"";"";"";"";""
"BP Malaposta (Oeste)";"";"";"";"";"";"";"";"";"";"";"";""
"BP MASSAMÁ";"";"";"";"";"";"";"";"";"";"";"";""
"BP MEALHADA - COMBA";"";"";"";"";"";"";"";"";"";"";"";""
"BP MOITA";"";"";"";"";"";"";"";"";"";"";"";""
"MONTE GORDO (SUL)";"";"";"";"";"";"";"";"";"";"";"";""
" BP MONTEMOR-O-NOVO (NORTE)";"";"";"";"";"";"";"";"";"";"";"";""
"BP MONTEMOR-O-NOVO (SUL)";"";"";"";"";"";"";"";"";"";"";"";""
"BP MORTÁGUA";"";"";"";"";"";"";"";"";"";"";"";""
"BP OLHÃO ";"";"";"";"";"";"";"";"";"";"";"";""
"OLIVEIRA AZEMÉIS - A. PARQUE";"";"";"";"";"";"";"";"";"";"";"";""
"BP Ovar";"";"";"";"";"";"";"";"";"";"";"";""
"BP João XXIII (Oeste)";"";"";"";"";"";"";"";"";"";"";"";""
"BP PAÇO DE ARCOS";"";"";"";"";"";"";"";"";"";"";"";""
"BP de Paços de Brandão";"";"";"";"";"";"";"";"";"";"";"";""
"BP Seroa";"";"";"";"";"";"";"";"";"";"";"";""
"PEGÕES (SUL)";"";"";"";"";"";"";"";"";"";"";"";""
"PENICHE - AV. MONS. BASTOS";"";"";"";"";"";"";"";"";"";"";"";""
"PENINA (NORTE)";"";"";"";"";"";"";"";"";"";"";"";""
"PENINA (SUL)";"";"";"";"";"";"";"";"";"";"";"";""
"BP - Pero Pinheiro";"";"";"";"";"";"";"";"";"";"";"";""
"BP PINHAL NOVO";"";"";"";"";"";"";"";"";"";"";"";""
"BP Ponte da Barca";"";"";"";"";"";"";"";"";"";"";"";""
"BP Porches Norte";"";"";"";"";"";"";"";"";"";"";"";""
"BP Porches Sul";"";"";"";"";"";"";"";"";"";"";"";""
"PORTIMÃO - V6";"";"";"";"";"";"";"";"";"";"";"";""
"BP Combatentes - Porto";"";"";"";"";"";"";"";"";"";"";"";""
"PORTO ALTO - CRUZAMENTO";"";"";"";"";"";"";"";"";"";"";"";""
"BP Porto de Mós";"";"";"";"";"";"";"";"";"";"";"";""
"BP PÓVOA DE VARZIM";"";"";"";"";"";"";"";"";"";"";"";""
"BP TERROSO";"";"";"";"";"";"";"";"";"";"";"";""
"BP Qta. do Conde";"";"";"";"";"";"";"";"";"";"";"";""
"BP Ramalhão";"";"";"";"";"";"";"";"";"";"";"";""
"S. JOÃO DA MADEIRA";"";"";"";"";"";"";"";"";"";"";"";""
"BP S. JOÃO DA TALHA";"";"";"";"";"";"";"";"";"";"";"";""
"BP S. MARIA DA FEIRA";"";"";"";"";"";"";"";"";"";"";"";""
"BP SANTANA";"";"";"";"";"";"";"";"";"";"";"";""
"BP Santarém - Variante";"";"";"";"";"";"";"";"";"";"";"";""
"BP - Bairro do Fidalgo";"";"";"";"";"";"";"";"";"";"";"";""
"SETE CASAS";"";"";"";"";"";"";"";"";"";"";"";""
"BP Monte Belo";"";"";"";"";"";"";"";"";"";"";"";""
"BP TAVIRA ";"";"";"";"";"";"";"";"";"";"";"";""
"TOMAR";"";"";"";"";"";"";"";"";"";"";"";""
"TORRES VEDRAS";"";"";"";"";"";"";"";"";"";"";"";""
"BP TROFA";"";"";"";"";"";"";"";"";"";"";"";""
"Mendonça & Rebelo - Combustíveis, Lda";"";"";"";"";"";"";"";"";"";"";"";""
"BP Vila Nova de Gaia";"";"";"";"";"";"";"";"";"";"";"";""
"BP VALADARES (Este)";"";"";"";"";"";"";"";"";"";"";"";""
"BP VALADARES (Oeste)";"";"";"";"";"";"";"";"";"";"";"";""
"BP Vale de Cambra";"";"";"";"";"";"";"";"";"";"";"";""
"BP Valongo";"";"";"";"";"";"";"";"";"";"";"";""
"BP VANDOMA";"";"";"";"";"";"";"";"";"";"";"";""
"BP- VERMIL";"";"";"";"";"";"";"";"";"";"";"";""
"VIA NORTE (ESTE)";"";"";"";"";"";"";"";"";"";"";"";""
"VIA NORTE (OESTE)";"";"";"";"";"";"";"";"";"";"";"";""
"PA BP Viana do Castelo";"";"";"";"";"";"";"";"";"";"";"";""
"BP Vieira do Minho";"";"";"";"";"";"";"";"";"";"";"";""
"BP VILA REAL - TIMPEIRA";"";"";"";"";"";"";"";"";"";"";"";""
"VILA VELHA DE RÓDÃO";"";"";"";"";"";"";"";"";"";"";"";""
"BP VILAMOURA";"";"";"";"";"";"";"";"";"";"";"";""
"BP VIA SACRA";"";"";"";"";"";"";"";"";"";"";"";""
"A21 MAFRA (NORTE)";"";"";"";"";"";"";"";"";"";"";"";""
"A21 MAFRA (SUL)";"";"";"";"";"";"";"";"";"";"";"";""
"BP - A29 Ovar (Este) 3020";"";"";"";"";"";"";"";"";"";"";"";""
"BP - A29 Ovar (Oeste) 3010";"";"";"";"";"";"";"";"";"";"";"";""
"BP BARCELOS - BALUGÃES";"";"";"";"";"";"";"";"";"";"";"";""
"BP VILA BOA";"";"";"";"";"";"";"";"";"";"";"";""
"CARTAXO - CENTRO";"";"";"";"";"";"";"";"";"";"";"";""
"BP FÃO";"";"";"";"";"";"";"";"";"";"";"";""
"BP S. PEDRO";"";"";"";"";"";"";"";"";"";"";"";""
"MATOSINHOS - CUSTOIAS";"";"";"";"";"";"";"";"";"";"";"";""
"BP Montijo (Rotunda)";"";"";"";"";"";"";"";"";"";"";"";""
"PALMELA - LAGOINHA";"";"";"";"";"";"";"";"";"";"";"";""
"BP Ponte de Lima - Arcozelo";"";"";"";"";"";"";"";"";"";"";"";""
"PÓVOA DE VARZIM - ARGIVAI";"";"";"";"";"";"";"";"";"";"";"";""
"BP - Vila Real - Hospital";"";"";"";"";"";"";"";"";"";"";"";""
"BP João XXIII (Este) ";"";"";"";"";"";"";"";"";"";"";"";""
"PA MOEVE ÁGUEDA";"";"";"";"";"";"";"";"";"";"";"";""
"ES-ALJUSTREL";"";"";"";"";"";"";"";"";"";"";"";""
"CEPSA - CABAÇOS";"";"";"";"";"";"";"";"";"";"";"";""
"CEPSA Sequeade";"";"";"";"";"";"";"";"";"";"";"";""
"Cepsa- BRAGANÇA II";"";"";"";"";"";"";"";"";"";"";"";""
"E.S. CARREGAL DO SAL";"";"";"";"";"";"";"";"";"";"";"";""
"FUEL2TEMP,LDA";"";"";"";"";"";"";"";"";"";"";"";""
"GALP Azervadinha";"";"";"";"";"";"";"";"";"";"";"";""
"MARINA DE FARO";"";"";"";"";"";"";"";"";"";"";"";""
"Combustíveis William Dias,lda ";"";"";"";"";"";"";"";"";"";"";"";""
"Tuacar - Posto Figueira Castelo Rodrigo";"";"";"";"";"";"";"";"";"";"";"";""
"ALFABRENT Guimarães Moreira de Cónegos";"";"";"";"";"";"";"";"";"";"";"";""
"PACATOS REGUILAS MANUTENÇAO AUTOMOVEL UNIPESSOAL LDA.";"";"";"";"";"";"";"";"";"";"";"";""
"ALVALADE - MOEVE";"";"";"";"";"";"";"";"";"";"";"";""
"Supremotiv, Lda";"";"";"";"";"";"";"";"";"";"";"";""
"CEPSA GUEIFAES";"";"";"";"";"";"";"";"";"";"";"";""
"MARCO DE CANAVESES";"";"";"";"";"";"";"";"";"";"";"";""
"MOEVE CUSTÓIAS";"";"";"";"";"";"";"";"";"";"";"";""
"CUCUJÃES";"";"";"";"";"";"";"";"";"";"";"";""
"Cepsa- FSI- Rua D. Mercedes Barros-Freamunde";"";"";"";"";"";"";"";"";"";"";"";""
"ES-PAÇOS DE FERREIRA CENTRO";"";"";"";"";"";"";"";"";"";"";"";""
"PA SOBREIRA";"";"";"";"";"";"";"";"";"";"";"";""
"SERRA D'EL REI";"";"";"";"";"";"";"";"";"";"";"";""
"Moeve Portalegre";"";"";"";"";"";"";"";"";"";"";"";""
"PORTO DE LAGOS";"";"";"";"";"";"";"";"";"";"";"";""
"SANTA MARIA DA FEIRA";"";"";"";"";"";"";"";"";"";"";"";""
"VENDAS NOVAS - LOUROSA";"";"";"";"";"";"";"";"";"";"";"";""
"TFGEST - Lourosa";"";"";"";"";"";"";"";"";"";"";"";""
"PA- PRIO-AMIAIS DE BAIXO  MANUEL MORGADO,LDA";"";"";"";"";"";"";"";"";"";"";"";""
"PA SILVES";"";"";"";"";"";"";"";"";"";"";"";""
"E.S. ASSAFORA";"";"";"";"";"";"";"";"";"";"";"";""
"GERÊS";"";"";"";"";"";"";"";"";"";"";"";""
"Posto Abastecedor Cepsa - Tondela";"";"";"";"";"";"";"";"";"";"";"";""
"CEPSA TROFA";"";"";"";"";"";"";"";"";"";"";"";""
"CEPSA SOBRADO";"";"";"";"";"";"";"";"";"";"";"";""
"PETRO VILARANDELO - PA Cepsa Ervões";"";"";"";"";"";"";"";"";"";"";"";""
"MOEVE - Vila Franca Xira - Petroalves";"";"";"";"";"";"";"";"";"";"";"";""
"CEPSA  RIBEIRÃO";"";"";"";"";"";"";"";"";"";"";"";""
"CEPSA LABRUGE GUI/FAM";"";"";"";"";"";"";"";"";"";"";"";""
"CEPSA AVINTES";"";"";"";"";"";"";"";"";"";"";"";""
"Vila Real I - Noruega";"";"";"";"";"";"";"";"";"";"";"";""
"ALMARGEM DO BISPO";"";"";"";"";"";"";"";"";"";"";"";""
"CEPSA - Lago";"";"";"";"";"";"";"";"";"";"";"";""
"MOEVE Arganil II (CBR/ARG) - GOMAPE de António Mário Dias Marques";"";"";"";"";"";"";"";"";"";"";"";""
"CEPSA Arganil I (ARG/CBR) - GOMAPE de António Mário Dias Marques";"";"";"";"";"";"";"";"";"";"";"";""
"CEPSA DE AVIS";"";"";"";"";"";"";"";"";"";"";"";""
"BENFICA DO RIBATEJO";"";"";"";"";"";"";"";"";"";"";"";""
"BRAGA - F. NOVA";"";"";"";"";"";"";"";"";"";"";"";""
"BRAGA - RUA DO CAIRES";"";"";"";"";"";"";"";"";"";"";"";""
"CEPSA - SEQUEIRA";"";"";"";"";"";"";"";"";"";"";"";""
"P46 - PRIO Carregal do Sal - Oliveirinha";"";"";"";"";"";"";"";"";"";"";"";""
"CEPSA Birre - Cascais";"";"";"";"";"";"";"";"";"";"";"";""
"NOVA - Fontaínhas, Cascais";"";"";"";"";"";"";"";"";"";"";"";""
"Cascais -  Torre";"";"";"";"";"";"";"";"";"";"";"";""
"MOEVE CHÃO DE COUCE";"";"";"";"";"";"";"";"";"";"";"";""
"E.S. MOITA CHAO DURO";"";"";"";"";"";"";"";"";"";"";"";""
"Cepsa- Jesuíno Felisberto Guerreiro";"";"";"";"";"";"";"";"";"";"";"";""
"CEPSA Cortegaça - Ovar";"";"";"";"";"";"";"";"";"";"";"";""
"PA Moeve Foros da Catrapona 1 - LIS/SET";"";"";"";"";"";"";"";"";"";"";"";""
"PA Moeve Foros da Catrapona 2 - SET/LIS";"";"";"";"";"";"";"";"";"";"";"";""
"CEPSA Cavadas";"";"";"";"";"";"";"";"";"";"";"";""
"CEPSA Faro Campinas";"";"";"";"";"";"";"";"";"";"";"";""
"Nova - Vagueira (Gafanha da Boa Hora)";"";"";"";"";"";"";"";"";"";"";"";""
"CEPSA - LAGOS MARGINAL";"";"";"";"";"";"";"";"";"";"";"";""
"BP ESTRADA DE BENFICA";"";"";"";"";"";"";"";"";"";"";"";""
"CEPSA LORDELO";"";"";"";"";"";"";"";"";"";"";"";""
"CEPSA LOUREDO - SANTA MARIA DA FEIRA";"";"";"";"";"";"";"";"";"";"";"";""
"João Serras - Posto de Mação";"";"";"";"";"";"";"";"";"";"";"";""
"MARATECA (SET/ALG)";"";"";"";"";"";"";"";"";"";"";"";""
"MARATECA (ALG/SET)";"";"";"";"";"";"";"";"";"";"";"";""
"ORTIGOSA";"";"";"";"";"";"";"";"";"";"";"";""
"PA Moeve - Paio Pires";"";"";"";"";"";"";"";"";"";"";"";""
"PAREDES DE COURA";"";"";"";"";"";"";"";"";"";"";"";""
"Voltas & Piruetas  Combustiveis Unipessoal Lda - CEPSA";"";"";"";"";"";"";"";"";"";"";"";""
"Moeve Ponte de Sor";"";"";"";"";"";"";"";"";"";"";"";""
"PORTIMÃO";"";"";"";"";"";"";"";"";"";"";"";""
"ROMARIZ-FEIRA";"";"";"";"";"";"";"";"";"";"";"";""
"CEPSA S. Julião do Freixo";"";"";"";"";"";"";"";"";"";"";"";""
"Posto Casal do Aranha";"";"";"";"";"";"";"";"";"";"";"";""
"CEPSA S. Martinho do Porto";"";"";"";"";"";"";"";"";"";"";"";""
"MOEVE Silveira";"";"";"";"";"";"";"";"";"";"";"";""
"CEPSA - SOUSELAS";"";"";"";"";"";"";"";"";"";"";"";""
"CEPSA APARECIDA";"";"";"";"";"";"";"";"";"";"";"";""
"VINHAIS";"";"";"";"";"";"";"";"";"";"";"";""
"Miranda do Douro - EN 218";"";"";"";"";"";"";"";"";"";"";"";""
"São Mamede Infesta";"";"";"";"";"";"";"";"";"";"";"";""
"BP Sátão";"";"";"";"";"";"";"";"";"";"";"";""
"Torres Novas - R. Miguel Arnide";"";"";"";"";"";"";"";"";"";"";"";""
"CEPSA VALE DE CAMBRA";"";"";"";"";"";"";"";"";"";"";"";""
"Vila Franca das Naves";"";"";"";"";"";"";"";"";"";"";"";""
"PA Galp Continente Valongo";"";"";"";"";"";"";"";"";"";"";"";""
"Santos da Cunha 6 - Ribeirão";"";"";"";"";"";"";"";"";"";"";"";""
"Galp - Garargem S. Miguel";"";"";"";"";"";"";"";"";"";"";"";""
"JVT. Combustíveis, Lda";"";"";"";"";"";"";"";"";"";"";"";""
"Controlsuper - Com. de Combustiveis Lda";"";"";"";"";"";"";"";"";"";"";"";""
"Controlsuper - Com. de Combustiveis Lda.";"";"";"";"";"";"";"";"";"";"";"";""
"MARVIFORCE, LDA.";"";"";"";"";"";"";"";"";"";"";"";""
"J. António Pinho - Combustíveis Lda.";"";"";"";"";"";"";"";"";"";"";"";""
"GALP - Marco do Grilo";"";"";"";"";"";"";"";"";"";"";"";""
"TFUEL - VALE DE AÇOR";"";"";"";"";"";"";"";"";"";"";"";""
"E.S. ÁGUEDA";"";"";"";"";"";"";"";"";"";"";"";""
"BXPRESS AVEIRO";"";"";"";"";"";"";"";"";"";"";"";""
"E.S. AVEIRO - Z. INDUSTRIAL";"";"";"";"";"";"";"";"";"";"";"";""
"E.S. SILVADE";"";"";"";"";"";"";"";"";"";"";"";""
"E.S. ESMORIZ";"";"";"";"";"";"";"";"";"";"";"";""
"E.S. OLIVEIRA DE AZEMEIS";"";"";"";"";"";"";"";"";"";"";"";""
"E.S. PEDORIDO";"";"";"";"";"";"";"";"";"";"";"";""
"E.S. VALEGA A";"";"";"";"";"";"";"";"";"";"";"";""
"E.S. VALEGA B";"";"";"";"";"";"";"";"";"";"";"";""
"E.S. MEALHADA A";"";"";"";"";"";"";"";"";"";"";"";""
"E.S. MEALHADA B";"";"";"";"";"";"";"";"";"";"";"";""
"E.S. S. JOAO MADEIRA Z.IND.";"";"";"";"";"";"";"";"";"";"";"";""
"E.S. NOGUEIRA DO CRAVO";"";"";"";"";"";"";"";"";"";"";"";""
"E.S. LOUROSA";"";"";"";"";"";"";"";"";"";"";"";""
"Estação de Serviço de Aveiro Rotunda";"";"";"";"";"";"";"";"";"";"";"";""
"E.S. AGUEDA CENTRO";"";"";"";"";"";"";"";"";"";"";"";""
"AS ANTUÃ B - Gespost - Gestão e Administração de Postos de Abastecimento Unipessoal LDA";"";"";"";"";"";"";"";"";"";"";"";""
"AS ANTUÃ A - Gespost - Gestão e Administração de Postos de Abastecimento Unipessoal LDA";"";"";"";"";"";"";"";"";"";"";"";""
"E.S. S. JOAO MADEIRA II";"";"";"";"";"";"";"";"";"";"";"";""
"PRIO Fiães";"";"";"";"";"";"";"";"";"";"";"";""
"E.S. VAGOS";"";"";"";"";"";"";"";"";"";"";"";""
"E.S. S. JOAO MADEIRA I";"";"";"";"";"";"";"";"";"";"";"";""
"E.S. ESPINHO CENTRO";"";"";"";"";"";"";"";"";"";"";"";""
"E.S. ESTARREJA";"";"";"";"";"";"";"";"";"";"";"";""
"E.S. OLIVEIRA AZEMEIS Z.IND";"";"";"";"";"";"";"";"";"";"";"";""
"E.S. BEJA";"";"";"";"";"";"";"";"";"";"";"";""
"E.S. ENTRADAS-IP2";"";"";"";"";"";"";"";"";"";"";"";""
"E.S. ODEMIRA";"";"";"";"";"";"";"";"";"";"";"";""
"E.S. FERREIROS";"";"";"";"";"";"";"";"";"";"";"";""
"E.S. CREIXOMIL";"";"";"";"";"";"";"";"";"";"";"";""
"E.S. S. JOAO PONTE B";"";"";"";"";"";"";"";"";"";"";"";""
"E.S. BRAGA PISCINAS I";"";"";"";"";"";"";"";"";"";"";"";""
"E.S. BRAGA PISCINAS II";"";"";"";"";"";"";"";"";"";"";"";""
"E.S. CELORICO BASTO";"";"";"";"";"";"";"";"";"";"";"";""
"E.S. CAVALOES";"";"";"";"";"";"";"";"";"";"";"";""
"E.S. BRAGA";"";"";"";"";"";"";"";"";"";"";"";""
"E.S. FROSSOS";"";"";"";"";"";"";"";"";"";"";"";""
"E.S. S. JOAO PONTE A";"";"";"";"";"";"";"";"";"";"";"";""
"E.S. TAIPAS";"";"";"";"";"";"";"";"";"";"";"";""
"E.S. BRAGANCA";"";"";"";"";"";"";"";"";"";"";"";""
"E.S. BRAGANCA 2";"";"";"";"";"";"";"";"";"";"";"";""
"E.S. MIRANDELA A";"";"";"";"";"";"";"";"";"";"";"";""
"E.S. MIRANDELA B";"";"";"";"";"";"";"";"";"";"";"";""
"E.S. TORRE D. CHAMA";"";"";"";"";"";"";"";"";"";"";"";""
"E.S. CARRAZEDA ANSIAES";"";"";"";"";"";"";"";"";"";"";"";""
"E.S. COVILHA";"";"";"";"";"";"";"";"";"";"";"";""
"E.S. SERTÃ";"";"";"";"";"";"";"";"";"";"";"";""
"E.S. CERNACHE";"";"";"";"";"";"";"";"";"";"";"";""
"E.S. CASTELO BRANCO";"";"";"";"";"";"";"";"";"";"";"";""
"E.S. SOBREIRA FORMOSA";"";"";"";"";"";"";"";"";"";"";"";""
"ALVES BANDEIRA Alcains";"";"";"";"";"";"";"";"";"";"";"";""
"E.S. TOCHA A";"";"";"";"";"";"";"";"";"";"";"";""
"E.S. TOCHA B";"";"";"";"";"";"";"";"";"";"";"";""
"E.S. OLIVEIRA DO HOSPITAL";"";"";"";"";"";"";"";"";"";"";"";""
"E.S. MARINHA ONDAS A";"";"";"";"";"";"";"";"";"";"";"";""
"E.S. MARINHA ONDAS B";"";"";"";"";"";"";"";"";"";"";"";""
"E.S. FIGUEIRA FOZ";"";"";"";"";"";"";"";"";"";"";"";""
"E.S. ANÇÃ-CANTANHEDE";"";"";"";"";"";"";"";"";"";"";"";""
"E.S. CONDEIXA A";"";"";"";"";"";"";"";"";"";"";"";""
"E.S. CONDEIXA B";"";"";"";"";"";"";"";"";"";"";"";""
"E.S. CANTANHEDE";"";"";"";"";"";"";"";"";"";"";"";""
"ES  COIMBRA - Gespost - Gestão e Administração de Postos de Abastecimento Unipessoal LDA";"";"";"";"";"";"";"";"";"";"";"";""
"E.S. MIRANDA DO CORVO";"";"";"";"";"";"";"";"";"";"";"";""
"E.S. MONTEMOR";"";"";"";"";"";"";"";"";"";"";"";""
"E.S. ARRAIOLOS";"";"";"";"";"";"";"";"";"";"";"";""
"ES  REPSOL Évora - Chafariz D'El Rei";"";"";"";"";"";"";"";"";"";"";"";""
"E.S. REDONDO";"";"";"";"";"";"";"";"";"";"";"";""
"E.S. ESTREMOZ II";"";"";"";"";"";"";"";"";"";"";"";""
"E.S. VENDAS NOVAS CENTRO";"";"";"";"";"";"";"";"";"";"";"";""
"E.S. EVORAMONTE";"";"";"";"";"";"";"";"";"";"";"";""
"AS V. NOVAS NORTE (A) - Gespost - Gestão e Administração de Postos de Abastecimento Unipessoal LDA";"";"";"";"";"";"";"";"";"";"";"";""
"E.S. VENDAS NOVAS SUL";"";"";"";"";"";"";"";"";"";"";"";""
"E.S. PORTELA DE MESSINES";"";"";"";"";"";"";"";"";"";"";"";""
"E.S. LAGOS II";"";"";"";"";"";"";"";"";"";"";"";""
"E.S. ALFANDANGA";"";"";"";"";"";"";"";"";"";"";"";""
"E.S. CERCADO A";"";"";"";"";"";"";"";"";"";"";"";""
"E.S. CERCADO B";"";"";"";"";"";"";"";"";"";"";"";""
"E.S. PORTIMAO-DIQUE";"";"";"";"";"";"";"";"";"";"";"";""
"E.S. S. BARTOLOMEU MESSINES";"";"";"";"";"";"";"";"";"";"";"";""
"E.S. V. R. S. ANTONIO";"";"";"";"";"";"";"";"";"";"";"";""
"E.S. FARO-LICEU A";"";"";"";"";"";"";"";"";"";"";"";""
"E.S. FARO-LICEU B";"";"";"";"";"";"";"";"";"";"";"";""
"REPSOL Albufeira II";"";"";"";"";"";"";"";"";"";"";"";""
"E.S. MAKRO - ALBUFEIRA";"";"";"";"";"";"";"";"";"";"";"";""
"E.S. ROGIL";"";"";"";"";"";"";"";"";"";"";"";""
"E.S. FARO-CAMPINAS A";"";"";"";"";"";"";"";"";"";"";"";""
"E.S. FARO-CAMPINAS B";"";"";"";"";"";"";"";"";"";"";"";""
"E.S. PORTIMAO-VIA V6";"";"";"";"";"";"";"";"";"";"";"";""
"REPSOL Montechoro (Albufeira I)";"";"";"";"";"";"";"";"";"";"";"";""
"E.S. ALMANCIL";"";"";"";"";"";"";"";"";"";"";"";""
"E.S. ALVOR";"";"";"";"";"";"";"";"";"";"";"";""
"E.S. BENAFIM";"";"";"";"";"";"";"";"";"";"";"";""
"E.S. OLHAO";"";"";"";"";"";"";"";"";"";"";"";""
"ES PORTIMÃO CARDOSAS - Gespost - Gestão e Administração de Postos de Abastecimento Unipessoal LDA";"";"";"";"";"";"";"";"";"";"";"";""
"E.S. TAVIRA";"";"";"";"";"";"";"";"";"";"";"";""
"E.S. CELORICO DA BEIRA 2";"";"";"";"";"";"";"";"";"";"";"";""
"E.S. GUARDA-DORNA";"";"";"";"";"";"";"";"";"";"";"";""
"E.S. TRANCOSO";"";"";"";"";"";"";"";"";"";"";"";""
"E.S. GUARDA-GARE";"";"";"";"";"";"";"";"";"";"";"";""
"POSTO AGUIAR DA BEIRA";"";"";"";"";"";"";"";"";"";"";"";""
"ALVES BANDEIRA Belmonte";"";"";"";"";"";"";"";"";"";"";"";""
"E.S. GUARDA - MILEU";"";"";"";"";"";"";"";"";"";"";"";""
"E.S. POMBAL CENTRO";"";"";"";"";"";"";"";"";"";"";"";""
"E.S. ANSIAO";"";"";"";"";"";"";"";"";"";"";"";""
"E.S. S. JORGE BATALHA A";"";"";"";"";"";"";"";"";"";"";"";""
"E.S. S. JORGE BATALHA B";"";"";"";"";"";"";"";"";"";"";"";""
"E.S. C. RAINHA-LAVRADIO II";"";"";"";"";"";"";"";"";"";"";"";""
"E.S. COVA FAIAS A";"";"";"";"";"";"";"";"";"";"";"";""
"E.S. COVA FAIAS B";"";"";"";"";"";"";"";"";"";"";"";""
"Área de Serviço Moeve da A1 LEIRIA  (LIS/LRA)";"";"";"";"";"";"";"";"";"";"";"";""
"Área de Serviço Moeve da A1 LEIRIA (LRA/LIS)";"";"";"";"";"";"";"";"";"";"";"";""
"E.S. LOUREIRA";"";"";"";"";"";"";"";"";"";"";"";""
"ES ALMOINHA - Gespost - Gestão e Administração de Postos de Abastecimento Unipessoal LDA";"";"";"";"";"";"";"";"";"";"";"";""
"E.S. MAR. GRANDE - ROTUNDA";"";"";"";"";"";"";"";"";"";"";"";""
"E.S. ALBERGARIA";"";"";"";"";"";"";"";"";"";"";"";""
"E.S. PEDROGAO GRANDE";"";"";"";"";"";"";"";"";"";"";"";""
"E.S. VALADO FRADES";"";"";"";"";"";"";"";"";"";"";"";""
"E.S. ALCOBAÇA";"";"";"";"";"";"";"";"";"";"";"";""
"E.S. CALDAS DA RAINHA";"";"";"";"";"";"";"";"";"";"";"";""
"E.S. CALDAS II";"";"";"";"";"";"";"";"";"";"";"";""
"E.S. LEIRIA SUL";"";"";"";"";"";"";"";"";"";"";"";""
"E.S. LEIRIA - PONTE PEDRA A";"";"";"";"";"";"";"";"";"";"";"";""
"E.S. LEIRIA - PONTE PEDRA B";"";"";"";"";"";"";"";"";"";"";"";""
"E.S. MARINHA GRANDE";"";"";"";"";"";"";"";"";"";"";"";""
"MOLEANOS";"";"";"";"";"";"";"";"";"";"";"";""
"E.S. POMBAL";"";"";"";"";"";"";"";"";"";"";"";""
"E.S. PORTO DE MOS";"";"";"";"";"";"";"";"";"";"";"";""
"E.S. VALE MACEIRA";"";"";"";"";"";"";"";"";"";"";"";""
"REPSOL LISBOA ROTUNDA";"";"";"";"";"";"";"";"";"";"";"";""
"E.S. C. ALMOSTER I";"";"";"";"";"";"";"";"";"";"";"";""
"E.S. C. ALMOSTER II";"";"";"";"";"";"";"";"";"";"";"";""
"E.S. CARREGADO";"";"";"";"";"";"";"";"";"";"";"";""
"ES CASA PIA - Gespost - Gestão e Administração de Postos de Abastecimento Unipessoal LDA";"";"";"";"";"";"";"";"";"";"";"";""
"E.S. CASCAIS";"";"";"";"";"";"";"";"";"";"";"";""
"E.S. ESTORIL";"";"";"";"";"";"";"";"";"";"";"";""
"ES EXPO - Gespost - Gestão e Administração de Postos de Abastecimento Unipessoal LDA";"";"";"";"";"";"";"";"";"";"";"";""
"E.S. GUIA";"";"";"";"";"";"";"";"";"";"";"";""
"E.S. PAREDE";"";"";"";"";"";"";"";"";"";"";"";""
"E.S. LEIAO";"";"";"";"";"";"";"";"";"";"";"";""
"E.S. BURACA";"";"";"";"";"";"";"";"";"";"";"";""
"E.S. LOURINHA";"";"";"";"";"";"";"";"";"";"";"";""
"E.S. MALVEIRA";"";"";"";"";"";"";"";"";"";"";"";""
"E.S. MAKRO-ALFRAGIDE";"";"";"";"";"";"";"";"";"";"";"";""
"ES MARL - Gespost - Gestão e Administração de Postos de Abastecimento Unipessoal LDA";"";"";"";"";"";"";"";"";"";"";"";""
"E.S. ALCOITAO";"";"";"";"";"";"";"";"";"";"";"";""
"E.S. AVEIRAS A";"";"";"";"";"";"";"";"";"";"";"";""
"E.S. AVEIRAS B";"";"";"";"";"";"";"";"";"";"";"";""
"E.S. MASSAMÁ";"";"";"";"";"";"";"";"";"";"";"";""
"E.S. CASCAIS TORRE";"";"";"";"";"";"";"";"";"";"";"";""
"E.S. GADO BRAVO";"";"";"";"";"";"";"";"";"";"";"";""
"E.S. MATO DA TORRE";"";"";"";"";"";"";"";"";"";"";"";""
"E.S. MARES A";"";"";"";"";"";"";"";"";"";"";"";""
"E.S. MARES B";"";"";"";"";"";"";"";"";"";"";"";""
"E.S. QUINTA DA PIEDADE";"";"";"";"";"";"";"";"";"";"";"";""
"E.S. AMADORA-LIDO";"";"";"";"";"";"";"";"";"";"";"";""
"ES 1138 - 2A CIRCULAR (NORTE/SUL) - Gespost - Gestão e Administração de Postos de Abastecimento Unipessoal LDA";"";"";"";"";"";"";"";"";"";"";"";""
"E.S. ALVERCA";"";"";"";"";"";"";"";"";"";"";"";""
"REPSOL CREL Norte A";"";"";"";"";"";"";"";"";"";"";"";""
"E.S. CREL NORTE B    A.S.";"";"";"";"";"";"";"";"";"";"";"";""
"E.S. TERRUGEM";"";"";"";"";"";"";"";"";"";"";"";""
"E.S. V. FRANCA XIRA";"";"";"";"";"";"";"";"";"";"";"";""
"REPSOL - A8 - Loures A";"";"";"";"";"";"";"";"";"";"";"";""
"Repsol - A8 - Loures B";"";"";"";"";"";"";"";"";"";"";"";""
"E.S. MEM MARTINS - OURESSA";"";"";"";"";"";"";"";"";"";"";"";""
"ES STO ANTONIO DE CAVALEIROS - Gespost - Gestão e Administração de Postos de Abastecimento Unipessoal LDA";"";"";"";"";"";"";"";"";"";"";"";""
"REPSOL MEM MARTINS A";"";"";"";"";"";"";"";"";"";"";"";""
"REPSOL Mem Martins B";"";"";"";"";"";"";"";"";"";"";"";""
"ES ROT. DA CAVALEIRA - Gespost - Gestão e Administração de Postos de Abastecimento Unipessoal LDA";"";"";"";"";"";"";"";"";"";"";"";""
"ES ODIVELAS - Gespost - Gestão e Administração de Postos de Abastecimento Unipessoal LDA";"";"";"";"";"";"";"";"";"";"";"";""
"ES CAMPO GRANDE - Gespost - Gestão e Administração de Postos de Abastecimento Unipessoal LDA";"";"";"";"";"";"";"";"";"";"";"";""
"E.S. ALVERCA II";"";"";"";"";"";"";"";"";"";"";"";""
"E.S. ABRUNHEIRA";"";"";"";"";"";"";"";"";"";"";"";""
"ES AV. CEUTA - Gespost - Gestão e Administração de Postos de Abastecimento Unipessoal LDA";"";"";"";"";"";"";"";"";"";"";"";""
"E.S. BARCARENA";"";"";"";"";"";"";"";"";"";"";"";""
"E.S. CASTILHO";"";"";"";"";"";"";"";"";"";"";"";""
"ES OLAIAS - Gespost - Gestão e Administração de Postos de Abastecimento Unipessoal LDA";"";"";"";"";"";"";"";"";"";"";"";""
"ES 1169 - 2A CIRCULAR (SUL/NORTE) - Gespost - Gestão e Administração de Postos de Abastecimento Unipessoal LDA";"";"";"";"";"";"";"";"";"";"";"";""
"E.S. PRAÇA DE LONDRES";"";"";"";"";"";"";"";"";"";"";"";""
"ES REPSOL Benfica B - Estádio da Luz";"";"";"";"";"";"";"";"";"";"";"";""
"ES BENFICA A (FONTE NOVA) - Gespost - Gestão e Administração de Postos de Abastecimento Unipessoal LDA";"";"";"";"";"";"";"";"";"";"";"";""
"E.S. CHOUPAL";"";"";"";"";"";"";"";"";"";"";"";""
"E.S. V. N. RAINHA A";"";"";"";"";"";"";"";"";"";"";"";""
"E.S. V. N. RAINHA B";"";"";"";"";"";"";"";"";"";"";"";""
"E.S. MARTELEIRA";"";"";"";"";"";"";"";"";"";"";"";""
"E.S. A-DOS-CUNHADOS";"";"";"";"";"";"";"";"";"";"";"";""
"E.S. CONQUINHA";"";"";"";"";"";"";"";"";"";"";"";""
"E.S. MALVEIRA II";"";"";"";"";"";"";"";"";"";"";"";""
"E.S. OUTEIRO CABECA";"";"";"";"";"";"";"";"";"";"";"";""
"E.S. FREIXIAL";"";"";"";"";"";"";"";"";"";"";"";""
"E.S. AMADORA-BOREL";"";"";"";"";"";"";"";"";"";"";"";""
"E.S. PORTALEGRE";"";"";"";"";"";"";"";"";"";"";"";""
"A.S. CAIA A";"";"";"";"";"";"";"";"";"";"";"";""
"A.S. CAIA B";"";"";"";"";"";"";"";"";"";"";"";""
"E.S. MONTARGIL";"";"";"";"";"";"";"";"";"";"";"";""
"E.S. GANDRA PAREDES";"";"";"";"";"";"";"";"";"";"";"";""
"E.S. ERMESINDE";"";"";"";"";"";"";"";"";"";"";"";""
"E.S. ERMESINDE A4";"";"";"";"";"";"";"";"";"";"";"";""
"E.S. ANTAS I";"";"";"";"";"";"";"";"";"";"";"";""
"E.S. ANTAS II";"";"";"";"";"";"";"";"";"";"";"";""
"ES  CONSTITUICAO - Gespost - Gestão e Administração de Postos de Abastecimento Unipessoal LDA";"";"";"";"";"";"";"";"";"";"";"";""
"E.S. JULIO DINIS";"";"";"";"";"";"";"";"";"";"";"";""
"E.S. LEÇA DO BALIO";"";"";"";"";"";"";"";"";"";"";"";""
"E.S. MAIA A";"";"";"";"";"";"";"";"";"";"";"";""
"E.S. MAIA B";"";"";"";"";"";"";"";"";"";"";"";""
"E.S. MONTE DOS BURGOS";"";"";"";"";"";"";"";"";"";"";"";""
"E.S. PACOS DE FERREIRA";"";"";"";"";"";"";"";"";"";"";"";""
"E.S. GAIA A - A.S.";"";"";"";"";"";"";"";"";"";"";"";""
"A S GAIA B - Gespost - Gestão e Administração de Postos de Abastecimento Unipessoal LDA";"";"";"";"";"";"";"";"";"";"";"";""
"E.S. PADRAO DA MOREIRA";"";"";"";"";"";"";"";"";"";"";"";""
"AS PENAFIEL B - Gespost - Gestão e Administração de Postos de Abastecimento Unipessoal LDA";"";"";"";"";"";"";"";"";"";"";"";""
"AS PENAFIEL A - Gespost - Gestão e Administração de Postos de Abastecimento Unipessoal LDA";"";"";"";"";"";"";"";"";"";"";"";""
"E.S. RIO TINTO";"";"";"";"";"";"";"";"";"";"";"";""
"E.S. SRA DA HORA";"";"";"";"";"";"";"";"";"";"";"";""
"E.S. GONDOMAR";"";"";"";"";"";"";"";"";"";"";"";""
"E.S. TROFA";"";"";"";"";"";"";"";"";"";"";"";""
"E.S. GAIA I";"";"";"";"";"";"";"";"";"";"";"";""
"E.S. LOUSADA";"";"";"";"";"";"";"";"";"";"";"";""
"E.S. GAIA II";"";"";"";"";"";"";"";"";"";"";"";""
"E.S. POVOA VARZIM";"";"";"";"";"";"";"";"";"";"";"";""
"E.S. CONDE COVILHA";"";"";"";"";"";"";"";"";"";"";"";""
"E.S. S. MAMEDE INFESTA";"";"";"";"";"";"";"";"";"";"";"";""
"ES MAKRO GAIA - Gespost - Gestão e Administração de Postos de Abastecimento Unipessoal LDA";"";"";"";"";"";"";"";"";"";"";"";""
"E.S. STO TIRSO";"";"";"";"";"";"";"";"";"";"";"";""
"PRIO Vila das Aves";"";"";"";"";"";"";"";"";"";"";"";""
"E.S. PENAFIEL CIRCULAR";"";"";"";"";"";"";"";"";"";"";"";""
"Gespost - Gestão e Administração de Postos de Abastecimento Unipessoal LDA AS VILAR PARAISO A N/S";"";"";"";"";"";"";"";"";"";"";"";""
"E.S. GONDOMAR - S. COSME";"";"";"";"";"";"";"";"";"";"";"";""
"E.S. MAKRO-MATOSINHOS";"";"";"";"";"";"";"";"";"";"";"";""
"Gespost - Gestão e Administração de Postos de Abastecimento Unipessoal LDA - ES Vilar do Paraíso B  S/N - A.S.";"";"";"";"";"";"";"";"";"";"";"";""
"PRIO Caxinas";"";"";"";"";"";"";"";"";"";"";"";""
"Rede Energia - Porto ";"";"";"";"";"";"";"";"";"";"";"";""
"E.S. STA. MARIA DA FEIRA";"";"";"";"";"";"";"";"";"";"";"";""
"ES ARCOZELO";"";"";"";"";"";"";"";"";"";"";"";""
"REPSOL Rio Tinto II";"";"";"";"";"";"";"";"";"";"";"";""
"E.S. GAIA - INF. D. HENRIQUE";"";"";"";"";"";"";"";"";"";"";"";""
"E.S. SEQUEIROS";"";"";"";"";"";"";"";"";"";"";"";""
"E.S. MAIA CENTRO";"";"";"";"";"";"";"";"";"";"";"";""
"E.S. TROFA II";"";"";"";"";"";"";"";"";"";"";"";""
"E.S. VALONGO";"";"";"";"";"";"";"";"";"";"";"";""
"E.S. EIRIZ";"";"";"";"";"";"";"";"";"";"";"";""
"E.S. CABECA SANTA";"";"";"";"";"";"";"";"";"";"";"";""
"E.S. CETE - PAREDES";"";"";"";"";"";"";"";"";"";"";"";""
"E.S. BROALHOS";"";"";"";"";"";"";"";"";"";"";"";""
"E.S. ENTRE-OS-RIOS";"";"";"";"";"";"";"";"";"";"";"";""
"E.S. MOREIRA DA MAIA";"";"";"";"";"";"";"";"";"";"";"";""
"E.S. BISCAINHO A";"";"";"";"";"";"";"";"";"";"";"";""
"E.S. PONTEVEL";"";"";"";"";"";"";"";"";"";"";"";""
"E.S. SALVATERRA DE MAGOS";"";"";"";"";"";"";"";"";"";"";"";""
"E.S. ALTO DO VALE";"";"";"";"";"";"";"";"";"";"";"";""
"E.S. SANTAREM";"";"";"";"";"";"";"";"";"";"";"";""
"E.S. TOMAR";"";"";"";"";"";"";"";"";"";"";"";""
"TFUEL - COUÇO";"";"";"";"";"";"";"";"";"";"";"";""
"E.S. PERNES";"";"";"";"";"";"";"";"";"";"";"";""
"E.S. ALPIARÇA";"";"";"";"";"";"";"";"";"";"";"";""
"E.S. RIO MAIOR";"";"";"";"";"";"";"";"";"";"";"";""
"E.S. VALINHO";"";"";"";"";"";"";"";"";"";"";"";""
"E.S. SAMORA CORREIA";"";"";"";"";"";"";"";"";"";"";"";""
"E.S. ALMEIRIM";"";"";"";"";"";"";"";"";"";"";"";""
"E.S. BENAVENTE";"";"";"";"";"";"";"";"";"";"";"";""
"E.S. TOMAR CENTRO";"";"";"";"";"";"";"";"";"";"";"";""
"E.S. TRAMAGAL";"";"";"";"";"";"";"";"";"";"";"";""
"E.S. BEMPOSTA";"";"";"";"";"";"";"";"";"";"";"";""
"E.S. PONTE CHAMUSCA";"";"";"";"";"";"";"";"";"";"";"";""
"E.S. V. N. BARQUINHA";"";"";"";"";"";"";"";"";"";"";"";""
"E.S. S. PEDRO SANTAREM";"";"";"";"";"";"";"";"";"";"";"";""
"E.S. ALVIOBEIRA";"";"";"";"";"";"";"";"";"";"";"";""
"E.S. PINHAL NOVO";"";"";"";"";"";"";"";"";"";"";"";""
"E.S. STA. MARTA CORROIOS";"";"";"";"";"";"";"";"";"";"";"";""
"E.S. COVA PIEDADE";"";"";"";"";"";"";"";"";"";"";"";""
"E.S. STO. ANDRE";"";"";"";"";"";"";"";"";"";"";"";""
"E.S. SETUBAL PISCINAS";"";"";"";"";"";"";"";"";"";"";"";""
"E.S. SETUBAL";"";"";"";"";"";"";"";"";"";"";"";""
"E.S. BREJOS AZEITAO A";"";"";"";"";"";"";"";"";"";"";"";""
"E.S. BREJOS AZEITAO B";"";"";"";"";"";"";"";"";"";"";"";""
"E.S. MAÇA";"";"";"";"";"";"";"";"";"";"";"";""
"E.S. MONTIJO I";"";"";"";"";"";"";"";"";"";"";"";""
"E.S. MONTIJO II";"";"";"";"";"";"";"";"";"";"";"";""
"E.S. CANAL CAVEIRA A";"";"";"";"";"";"";"";"";"";"";"";""
"E.S. CANAL CAVEIRA B";"";"";"";"";"";"";"";"";"";"";"";""
"ES  ALMADA (LADO B) - Gespost - Gestão e Administração de Postos de Abastecimento Unipessoal LDA";"";"";"";"";"";"";"";"";"";"";"";""
"ES  ALMADA (LADO A) - Gespost - Gestão e Administração de Postos de Abastecimento Unipessoal LDA";"";"";"";"";"";"";"";"";"";"";"";""
"ES ALMADA PARQUE - Gespost - Gestão e Administração de Postos de Abastecimento Unipessoal LDA";"";"";"";"";"";"";"";"";"";"";"";""
"E.S. LAGOÍNHA";"";"";"";"";"";"";"";"";"";"";"";""
"E.S. FAIAS";"";"";"";"";"";"";"";"";"";"";"";""
"E.S. MAKRO-PALMELA";"";"";"";"";"";"";"";"";"";"";"";""
"ES ALCOCHETE - Gespost - Gestão e Administração de Postos de Abastecimento Unipessoal LDA";"";"";"";"";"";"";"";"";"";"";"";""
"ES SETUBAL-FERRY - Gespost - Gestão e Administração de Postos de Abastecimento Unipessoal LDA";"";"";"";"";"";"";"";"";"";"";"";""
"E.S. BARREIRO";"";"";"";"";"";"";"";"";"";"";"";""
"E.S. TAIPADAS A";"";"";"";"";"";"";"";"";"";"";"";""
"E.S. TAIPADAS B";"";"";"";"";"";"";"";"";"";"";"";""
"E.S. VILA CHA";"";"";"";"";"";"";"";"";"";"";"";""
"E.S. ALTO ESTANQUEIRO";"";"";"";"";"";"";"";"";"";"";"";""
"E.S. LAGOA PALHA";"";"";"";"";"";"";"";"";"";"";"";""
"E.S. SINES";"";"";"";"";"";"";"";"";"";"";"";""
"E.S. V. PRAIA ANCORA";"";"";"";"";"";"";"";"";"";"";"";""
"E.S. ARCOS VALDEVEZ";"";"";"";"";"";"";"";"";"";"";"";""
"E.S. PONTE DE LIMA A";"";"";"";"";"";"";"";"";"";"";"";""
"E.S. PONTE DE LIMA B";"";"";"";"";"";"";"";"";"";"";"";""
"E.S. PONTE LIMA CENTRO";"";"";"";"";"";"";"";"";"";"";"";""
"E.S. VALENCA";"";"";"";"";"";"";"";"";"";"";"";""
"E.S. REGUA-CP";"";"";"";"";"";"";"";"";"";"";"";""
"E.S. VILA REAL";"";"";"";"";"";"";"";"";"";"";"";""
"E.S. CHAVES II";"";"";"";"";"";"";"";"";"";"";"";""
"E.S. MURÇA";"";"";"";"";"";"";"";"";"";"";"";""
"E.S. REGUA-CENTRO";"";"";"";"";"";"";"";"";"";"";"";""
"E.S. VALPACOS";"";"";"";"";"";"";"";"";"";"";"";""
"E.S. CHAVES";"";"";"";"";"";"";"";"";"";"";"";""
"E.S. V. POUCA AGUIAR NOVO";"";"";"";"";"";"";"";"";"";"";"";""
"E.S. VISEU-AV CAP H RIBEIRO";"";"";"";"";"";"";"";"";"";"";"";""
"AS A 25 VISEU NORTE - Gespost - Gestão e Administração de Postos de Abastecimento Unipessoal LDA";"";"";"";"";"";"";"";"";"";"";"";""
"AS A 25 VISEU SUL - Gespost - Gestão e Administração de Postos de Abastecimento Unipessoal LDA";"";"";"";"";"";"";"";"";"";"";"";""
"E.S. CASTELO DE PAIVA";"";"";"";"";"";"";"";"";"";"";"";""
"E.S. NELAS CENTRO";"";"";"";"";"";"";"";"";"";"";"";""
"E.S. VISEU-AV.DA BELGICA";"";"";"";"";"";"";"";"";"";"";"";""
"E.S. VISEU-LEMOS";"";"";"";"";"";"";"";"";"";"";"";""
"E.S. MOIMENTA";"";"";"";"";"";"";"";"";"";"";"";""
"E.S. MANGUALDE";"";"";"";"";"";"";"";"";"";"";"";""
"E.S. PENALVA CASTELO";"";"";"";"";"";"";"";"";"";"";"";""
"E.S. CAVERNAES A";"";"";"";"";"";"";"";"";"";"";"";""
"E.S. CAVERNAES B";"";"";"";"";"";"";"";"";"";"";"";""
"E.S. VISEU";"";"";"";"";"";"";"";"";"";"";"";""
"PRIO Vale de Cambra";"";"";"";"";"";"";"";"";"";"";"";""
"PRIO Maia - Pedrouços";"";"";"";"";"";"";"";"";"";"";"";""
"PRIO Oliveira de Frades";"";"";"";"";"";"";"";"";"";"";"";""
"PRIO Frazão - Paços de Ferreira";"";"";"";"";"";"";"";"";"";"";"";""
"PD PENAFIEL";"";"";"";"";"";"";"";"";"";"";"";""
"PD ABRANTES";"";"";"";"";"";"";"";"";"";"";"";""
"PD MIRANDELA";"";"";"";"";"";"";"";"";"";"";"";""
"PD TORRES NOVAS";"";"";"";"";"";"";"";"";"";"";"";""
"PD AVEIRO";"";"";"";"";"";"";"";"";"";"";"";""
"ALVES BANDEIRA Seia";"";"";"";"";"";"";"";"";"";"";"";""
"PD FUNDÃO";"";"";"";"";"";"";"";"";"";"";"";""
"PD PONTE DE SÔR";"";"";"";"";"";"";"";"";"";"";"";""
"PD SANTARÉM";"";"";"";"";"";"";"";"";"";"";"";""
"PD ALMEIRIM";"";"";"";"";"";"";"";"";"";"";"";""
"PD CHAMUSCA";"";"";"";"";"";"";"";"";"";"";"";""
"BP - Évora M.A.R.É";"";"";"";"";"";"";"";"";"";"";"";""
"BP TADIM";"";"";"";"";"";"";"";"";"";"";"";""
"BP - Vale de Figueira";"";"";"";"";"";"";"";"";"";"";"";""
"BP MALTA";"";"";"";"";"";"";"";"";"";"";"";""
"LUBRISUL, LUBRIFICANTES E COMBUSTÍVEIS, LDA";"";"";"";"";"";"";"";"";"";"";"";""
"BP Aguiar da Beira";"";"";"";"";"";"";"";"";"";"";"";""
"Petrin - Santa Clara-a-Velha";"";"";"";"";"";"";"";"";"";"";"";""
"TFUEL - OLEDO";"";"";"";"";"";"";"";"";"";"";"";""
"PA Fonte Santa - V.N.Cacela";"";"";"";"";"";"";"";"";"";"";"";""
"Sociedade Abastecedora Combustíveis Valenças, Lda.";"";"";"";"";"";"";"";"";"";"";"";""
"BP LOUSADO";"";"";"";"";"";"";"";"";"";"";"";""
"PRIO Guia";"";"";"";"";"";"";"";"";"";"";"";""
"BP MOUQUIM";"";"";"";"";"";"";"";"";"";"";"";""
"Lubriolhão, Lda";"";"";"";"";"";"";"";"";"";"";"";""
"Ilídio Mota - Padim Graça";"";"";"";"";"";"";"";"";"";"";"";""
"BP VILARINHO DAS CAMBAS";"";"";"";"";"";"";"";"";"";"";"";""
"BP Barreiro";"";"";"";"";"";"";"";"";"";"";"";""
"Petromogueira Lda - PA BP São Martinho de Mouros";"";"";"";"";"";"";"";"";"";"";"";""
"BP ARCO DE BAÚLHE";"";"";"";"";"";"";"";"";"";"";"";""
"BP - Albergaria";"";"";"";"";"";"";"";"";"";"";"";""
"PA R STAR ENERGY Lordelo";"";"";"";"";"";"";"";"";"";"";"";""
"Combustíveis 222";"";"";"";"";"";"";"";"";"";"";"";""
"BP Águeda";"";"";"";"";"";"";"";"";"";"";"";""
"PETROLEITAO";"";"";"";"";"";"";"";"";"";"";"";""
"Fernando Oliveira Inocencio, Unipessoal Lda.";"";"";"";"";"";"";"";"";"";"";"";""
"PA Chã - Alijó";"";"";"";"";"";"";"";"";"";"";"";""
"BP - Pavia";"";"";"";"";"";"";"";"";"";"";"";""
"BP - Lançada";"";"";"";"";"";"";"";"";"";"";"";""
"BP - Seixal Fogueteiro";"";"";"";"";"";"";"";"";"";"";"";""
"BP Arada - Ovar";"";"";"";"";"";"";"";"";"";"";"";""
"BP  Adaúfe";"";"";"";"";"";"";"";"";"";"";"";""
"PA - Vila Nova de Tazem";"";"";"";"";"";"";"";"";"";"";"";""
"BP VILA POUCA DE AGUIAR";"";"";"";"";"";"";"";"";"";"";"";""
"BP - Murtede";"";"";"";"";"";"";"";"";"";"";"";""
"BP - Oeiras (Cacilhas )";"";"";"";"";"";"";"";"";"";"";"";""
"BP Perafita";"";"";"";"";"";"";"";"";"";"";"";""
"BP Palhoça";"";"";"";"";"";"";"";"";"";"";"";""
"GALP A.S. Universidade Católica Porto";"";"";"";"";"";"";"";"";"";"";"";""
"PD CALDAS DA RAINHA";"";"";"";"";"";"";"";"";"";"";"";""
"PD TONDELA";"";"";"";"";"";"";"";"";"";"";"";""
"PD GUARDA";"";"";"";"";"";"";"";"";"";"";"";""
"AS A17 VAGOS A - Gespost - Gestão e Administração de Postos de Abastecimento Unipessoal LDA";"";"";"";"";"";"";"";"";"";"";"";""
"A.S. VAGOS B";"";"";"";"";"";"";"";"";"";"";"";""
"INTERMARCHE ÂNCORA";"";"";"";"";"";"";"";"";"";"";"";""
"Intermarché de Fafe";"";"";"";"";"";"";"";"";"";"";"";""
"INTERMARCHÉ ARRUDA DOS VINHOS";"";"";"";"";"";"";"";"";"";"";"";""
"Intermarche Vila Pouca de Aguiar";"";"";"";"";"";"";"";"";"";"";"";""
"P13 - SHELL Gualtar";"";"";"";"";"";"";"";"";"";"";"";""
"Teixeira & Martins, Automóveis, Lda.";"";"";"";"";"";"";"";"";"";"";"";""
"GALP Senhora da Hora";"";"";"";"";"";"";"";"";"";"";"";""
"GALP A6 A.S. Montemor (Norte)";"";"";"";"";"";"";"";"";"";"";"";""
"GALP A6 A.S. Montemor (Sul)";"";"";"";"";"";"";"";"";"";"";"";""
"GALP Linda-A-Velha";"";"";"";"";"";"";"";"";"";"";"";""
"PCLX, LDA ";"";"";"";"";"";"";"";"";"";"";"";""
"GALP Oleiros";"";"";"";"";"";"";"";"";"";"";"";""
"Novais & Ferreira";"";"";"";"";"";"";"";"";"";"";"";""
"Araujo & Ramos,  Lda";"";"";"";"";"";"";"";"";"";"";"";""
"P18 - PRIO Refoios do Lima";"";"";"";"";"";"";"";"";"";"";"";""
"P16 - PRIO Correlhã";"";"";"";"";"";"";"";"";"";"";"";""
"TFGEST ESTÁDIO";"";"";"";"";"";"";"";"";"";"";"";""
"Clarisse & Rodrigues";"";"";"";"";"";"";"";"";"";"";"";""
"GALP Alto de Valongo";"";"";"";"";"";"";"";"";"";"";"";""
"Teixeira & Martins - Automóveis, Ldª";"";"";"";"";"";"";"";"";"";"";"";""
"P19 - PRIO Rossas- Ermal";"";"";"";"";"";"";"";"";"";"";"";""
"Galp Vialonga";"";"";"";"";"";"";"";"";"";"";"";""
"GALP Vila Nova de Gaia (Norte)";"";"";"";"";"";"";"";"";"";"";"";""
"GALP A.S. Vila Nova de Gaia (Sul)";"";"";"";"";"";"";"";"";"";"";"";""
"P15 - PRIO Vila Verde";"";"";"";"";"";"";"";"";"";"";"";""
"P17 - PRIO Portela Vade";"";"";"";"";"";"";"";"";"";"";"";""
"P14 - PRIO  Fuselha - Prado";"";"";"";"";"";"";"";"";"";"";"";""
"Galp Barreiro";"";"";"";"";"";"";"";"";"";"";"";""
"BP- S. Bartolomeu de Messines Área Sul/Norte 1100";"";"";"";"";"";"";"";"";"";"";"";""
"Ilídio Mota - Palmeira 1";"";"";"";"";"";"";"";"";"";"";"";""
"Ilídio Mota - Palmeira 2";"";"";"";"";"";"";"";"";"";"";"";""
"CEPSA Cruto -  Vila Verde";"";"";"";"";"";"";"";"";"";"";"";""
"Ilídio Mota - Vila Verde";"";"";"";"";"";"";"";"";"";"";"";""
"Ilídio Mota - Amares";"";"";"";"";"";"";"";"";"";"";"";""
"INTERMARCHÉ BELMONTE";"";"";"";"";"";"";"";"";"";"";"";""
"JOÃO MOURA DUARTE - COMBUSTIVEIS, LDA";"";"";"";"";"";"";"";"";"";"";"";""
"Interestarreja Supermercados, Lda";"";"";"";"";"";"";"";"";"";"";"";""
"Auto Modelar de Cernache, Lda";"";"";"";"";"";"";"";"";"";"";"";""
"CLA";"";"";"";"";"";"";"";"";"";"";"";""
"INTERMARCHE PÓVOA DE LANHOSO";"";"";"";"";"";"";"";"";"";"";"";""
"Intermarché  de  Abrantes";"";"";"";"";"";"";"";"";"";"";"";""
"Intermarché de Viana do Alentejo";"";"";"";"";"";"";"";"";"";"";"";""
"PA INTERMARCHÉ PENAFIEL";"";"";"";"";"";"";"";"";"";"";"";""
"Intermarché  Paredes";"";"";"";"";"";"";"";"";"";"";"";""
"BP CUMIEIRA";"";"";"";"";"";"";"";"";"";"";"";""
"BP Montalegre";"";"";"";"";"";"";"";"";"";"";"";""
"INTERMARCHÉ - VIZELA";"";"";"";"";"";"";"";"";"";"";"";""
"Intermarché de Marco de Canaveses";"";"";"";"";"";"";"";"";"";"";"";""
"INTERMARCHÉ BOMBARRAL";"";"";"";"";"";"";"";"";"";"";"";""
"SUPERMEDA SUPERMERCADOS LDA";"";"";"";"";"";"";"";"";"";"";"";""
"INTERMARCHÉ  DE BRAGA";"";"";"";"";"";"";"";"";"";"";"";""
"ALVES BANDEIRA Olival";"";"";"";"";"";"";"";"";"";"";"";""
"INTERMARCHE VALPAÇOS";"";"";"";"";"";"";"";"";"";"";"";""
"INTERMARCHÉ DA BENEDITA";"";"";"";"";"";"";"";"";"";"";"";""
"AUCHAN Castelo Branco";"";"";"";"";"";"";"";"";"";"";"";""
"AUCHAN Viseu";"";"";"";"";"";"";"";"";"";"";"";""
"AUCHAN Alfragide";"";"";"";"";"";"";"";"";"";"";"";""
"AUCHAN Gondomar I";"";"";"";"";"";"";"";"";"";"";"";""
"AUCHAN Alverca ";"";"";"";"";"";"";"";"";"";"";"";""
"AUCHAN Almada";"";"";"";"";"";"";"";"";"";"";"";""
"AUCHAN Aveiro";"";"";"";"";"";"";"";"";"";"";"";""
"Comblupe, Lda";"";"";"";"";"";"";"";"";"";"";"";""
"INTERMARCHÉ DE ALIJÓ";"";"";"";"";"";"";"";"";"";"";"";""
"E.S. BOMBEL B";"";"";"";"";"";"";"";"";"";"";"";""
"ALVES BANDEIRA Alvega";"";"";"";"";"";"";"";"";"";"";"";""
"BP TRAVASSÓS";"";"";"";"";"";"";"";"";"";"";"";""
"ALVES BANDEIRA Vilarinho do Bairro";"";"";"";"";"";"";"";"";"";"";"";""
"PETRO DAC";"";"";"";"";"";"";"";"";"";"";"";""
"INTERMARCHÉ DE AMARANTE";"";"";"";"";"";"";"";"";"";"";"";""
"Espertocar, Lda.";"";"";"";"";"";"";"";"";"";"";"";""
"Moeve - Nelas";"";"";"";"";"";"";"";"";"";"";"";""
"Dpp Cesar";"";"";"";"";"";"";"";"";"";"";"";""
"ALVES BANDEIRA Passil";"";"";"";"";"";"";"";"";"";"";"";""
"E.S. CELA N8";"";"";"";"";"";"";"";"";"";"";"";""
"Coopben";"";"";"";"";"";"";"";"";"";"";"";""
"Intermarché da Marinha Grande";"";"";"";"";"";"";"";"";"";"";"";""
"INTERMARCHÉ CASTELO BRANCO";"";"";"";"";"";"";"";"";"";"";"";""
"Cooperativa Agricola Bombarral, CRL";"";"";"";"";"";"";"";"";"";"";"";""
"AB BUCELAS";"";"";"";"";"";"";"";"";"";"";"";""
"BP PALMELA";"";"";"";"";"";"";"";"";"";"";"";""
"AUCHAN Gondomar II - Campanhã";"";"";"";"";"";"";"";"";"";"";"";""
"REPSOL - Rinchoa";"";"";"";"";"";"";"";"";"";"";"";""
"INTERMARCHE VILAR FORMOSO";"";"";"";"";"";"";"";"";"";"";"";""
"SODIREAL-SUPERMERCADOS, LDA";"";"";"";"";"";"";"";"";"";"";"";""
"Cepsa - Esmoriz";"";"";"";"";"";"";"";"";"";"";"";""
"BP Espinheira";"";"";"";"";"";"";"";"";"";"";"";""
"ALVES BANDEIRA Tomar";"";"";"";"";"";"";"";"";"";"";"";""
"AUCHAN Setúbal - (EN 10)";"";"";"";"";"";"";"";"";"";"";"";""
"AUCHAN Matosinhos";"";"";"";"";"";"";"";"";"";"";"";""
"Intermarché Amares";"";"";"";"";"";"";"";"";"";"";"";""
"INTERMARCHE ALCOCHETE";"";"";"";"";"";"";"";"";"";"";"";""
"INTERMARCHÉ ESMORIZ";"";"";"";"";"";"";"";"";"";"";"";""
"INTERMARCHÉ MONTEMOR-O-VELHO";"";"";"";"";"";"";"";"";"";"";"";""
"Intermarché Castro Daire";"";"";"";"";"";"";"";"";"";"";"";""
"INTERMARCHÉ CANTANHEDE";"";"";"";"";"";"";"";"";"";"";"";""
"INTERMARCHÉ DE CINFÃES";"";"";"";"";"";"";"";"";"";"";"";""
"PRIO ERMESINDE Sta. Rita";"";"";"";"";"";"";"";"";"";"";"";""
"INTERMARCHÉ CONTACT DE BUDENS";"";"";"";"";"";"";"";"";"";"";"";""
"Intermarché Distritrancoso, Lda";"";"";"";"";"";"";"";"";"";"";"";""
"Intermarché Castro Verde Contact";"";"";"";"";"";"";"";"";"";"";"";""
"INTERMARCHÉ DE MERCEANA";"";"";"";"";"";"";"";"";"";"";"";""
"INTERMARCHÉ  DE GOUVEIA";"";"";"";"";"";"";"";"";"";"";"";""
"PRIO Borba (Sul)";"";"";"";"";"";"";"";"";"";"";"";""
"PRIO Porto de Mós (Norte/Sul)";"";"";"";"";"";"";"";"";"";"";"";""
"PRIO Porto Alto (Norte)";"";"";"";"";"";"";"";"";"";"";"";""
"Posto de Combustíveis Auto Penha ";"";"";"";"";"";"";"";"";"";"";"";""
"PRIO Vilar Formoso - Norte";"";"";"";"";"";"";"";"";"";"";"";""
"PRIO Fão";"";"";"";"";"";"";"";"";"";"";"";""
"PRIO Vila Chã";"";"";"";"";"";"";"";"";"";"";"";""
"PRIO  Alfeizerão";"";"";"";"";"";"";"";"";"";"";"";""
"PRIO Porto Alto (Sul)";"";"";"";"";"";"";"";"";"";"";"";""
"PRIO Braga - Real";"";"";"";"";"";"";"";"";"";"";"";""
"PRIO  Trafaria";"";"";"";"";"";"";"";"";"";"";"";""
"PRIO Borba (Norte)";"";"";"";"";"";"";"";"";"";"";"";""
"PRIO Amora";"";"";"";"";"";"";"";"";"";"";"";""
"PRIO  Lagoa (Norte)";"";"";"";"";"";"";"";"";"";"";"";""
" PA Medelim";"";"";"";"";"";"";"";"";"";"";"";""
"E.S. SAGRES II";"";"";"";"";"";"";"";"";"";"";"";""
"PRIO Barqueiros";"";"";"";"";"";"";"";"";"";"";"";""
"PRIO Terra Negra (N/S) Este";"";"";"";"";"";"";"";"";"";"";"";""
"PRIO Benavente (Poente)";"";"";"";"";"";"";"";"";"";"";"";""
"PRIO Porto Mós (S/N)";"";"";"";"";"";"";"";"";"";"";"";""
"PRIO Albergaria-a-Velha - (N/S)";"";"";"";"";"";"";"";"";"";"";"";""
"PRIO Alcantarilha (EN 125)";"";"";"";"";"";"";"";"";"";"";"";""
"PRIO Vila Amélia (Norte)";"";"";"";"";"";"";"";"";"";"";"";""
"PRIO Torres Novas 1 (Sul)";"";"";"";"";"";"";"";"";"";"";"";""
"CB de Aljustrel";"";"";"";"";"";"";"";"";"";"";"";""
"P.A.C. VALE MONDEGO, LDA";"";"";"";"";"";"";"";"";"";"";"";""
"RE - GALVEIAS";"";"";"";"";"";"";"";"";"";"";"";""
"PRIO Lagoa  (Sul)";"";"";"";"";"";"";"";"";"";"";"";""
"PRIO Torres Novas 2 (Norte)";"";"";"";"";"";"";"";"";"";"";"";""
"PRIO Terra Negra (S/N) Oeste ";"";"";"";"";"";"";"";"";"";"";"";""
"PRIO Santo André";"";"";"";"";"";"";"";"";"";"";"";""
"PRIO Malaposta do Carqueijo (N/S) - Mealhada E";"";"";"";"";"";"";"";"";"";"";"";""
"PRIO  Oeiras";"";"";"";"";"";"";"";"";"";"";"";""
"PRIO Malaposta do Carqueijo (S/N) - Mealhada O";"";"";"";"";"";"";"";"";"";"";"";""
"PRIO Albergaria-a-Velha (S/N)";"";"";"";"";"";"";"";"";"";"";"";""
"AB de Abrantes";"";"";"";"";"";"";"";"";"";"";"";""
"Intermarché de Alcobaça";"";"";"";"";"";"";"";"";"";"";"";""
"Cooperativa Agricola da Batalha, CRL";"";"";"";"";"";"";"";"";"";"";"";""
"Intermarché de Óbidos";"";"";"";"";"";"";"";"";"";"";"";""
"Intermarché Pombal";"";"";"";"";"";"";"";"";"";"";"";""
"INTERMARCHÉ DA GUARDA";"";"";"";"";"";"";"";"";"";"";"";""
"intermarché Mesão Frio";"";"";"";"";"";"";"";"";"";"";"";""
"PA DE VILA DO CONDE - COOPERATIVA AGRÍCOLA DE VILA DO CONDE";"";"";"";"";"";"";"";"";"";"";"";""
" COPOMBAL,CRL - PA Repsol Pombal";"";"";"";"";"";"";"";"";"";"";"";""
"Superestremoz-Supermercados";"";"";"";"";"";"";"";"";"";"";"";""
"INTERMARCHÉ GOLEGÃ";"";"";"";"";"";"";"";"";"";"";"";""
"INTERMARCHÉ DE ALCANENA";"";"";"";"";"";"";"";"";"";"";"";""
"Intermarché de Serpa";"";"";"";"";"";"";"";"";"";"";"";""
"Cooperativa Agrícola de Vila do Conde - Posto de Guilhabreu";"";"";"";"";"";"";"";"";"";"";"";""
"P28 - PRIO Olival";"";"";"";"";"";"";"";"";"";"";"";""
"ANTONIO SOUSA MARQUES, LDA.";"";"";"";"";"";"";"";"";"";"";"";""
"GASPE Bragança";"";"";"";"";"";"";"";"";"";"";"";""
"GASPE Bagueixe";"";"";"";"";"";"";"";"";"";"";"";""
"GASPE Macedo de Cavaleiros";"";"";"";"";"";"";"";"";"";"";"";""
"PA BP Campo de Besteiros";"";"";"";"";"";"";"";"";"";"";"";""
"GASPE Torre de Moncorvo";"";"";"";"";"";"";"";"";"";"";"";""
"Posto BP Castro Daire, Grupo Bezerras";"";"";"";"";"";"";"";"";"";"";"";""
"GASPE Murtosa";"";"";"";"";"";"";"";"";"";"";"";""
"GASPE Vimioso (Recado Verde)";"";"";"";"";"";"";"";"";"";"";"";""
"Giesta";"";"";"";"";"";"";"";"";"";"";"";""
"GALP DE ALVARENGA";"";"";"";"";"";"";"";"";"";"";"";""
"GASPE Vinhais";"";"";"";"";"";"";"";"";"";"";"";""
"GASPE Alfândega da Fé";"";"";"";"";"";"";"";"";"";"";"";""
"BP Palmeira";"";"";"";"";"";"";"";"";"";"";"";""
"BP Vila Flor";"";"";"";"";"";"";"";"";"";"";"";""
"INTERMARCHÉ IDANHA-A-NOVA";"";"";"";"";"";"";"";"";"";"";"";""
"Mário Jorge Peixôto Beleza, Herds., Lda.";"";"";"";"";"";"";"";"";"";"";"";""
"BP Portuzelo";"";"";"";"";"";"";"";"";"";"";"";""
"GASPE Laborim";"";"";"";"";"";"";"";"";"";"";"";""
"GASPE Sabrosa";"";"";"";"";"";"";"";"";"";"";"";""
"BP Av. 31 de Janeiro";"";"";"";"";"";"";"";"";"";"";"";""
"Pedro & Cristina Benedito,Lda";"";"";"";"";"";"";"";"";"";"";"";""
"ALVES BANDEIRA Santarém";"";"";"";"";"";"";"";"";"";"";"";""
"GASPE Mogo de Ansiães";"";"";"";"";"";"";"";"";"";"";"";""
"GASPE Freixo de Espada à Cinta";"";"";"";"";"";"";"";"";"";"";"";""
"GASPE Canelas";"";"";"";"";"";"";"";"";"";"";"";""
"José Domingos Vaz Carvalho / GALP Sendim";"";"";"";"";"";"";"";"";"";"";"";""
"GASPE Argozelo";"";"";"";"";"";"";"";"";"";"";"";""
"QUATRO ESTRADAS NORTE";"";"";"";"";"";"";"";"";"";"";"";""
"QUATRO ESTRADAS SUL";"";"";"";"";"";"";"";"";"";"";"";""
"BP Aguada de Baixo Este";"";"";"";"";"";"";"";"";"";"";"";""
"BP ERMESINDE";"";"";"";"";"";"";"";"";"";"";"";""
"ALVES BANDEIRA Vilar dos Prazeres";"";"";"";"";"";"";"";"";"";"";"";""
"BP BARCELOS - FRESCAINHA";"";"";"";"";"";"";"";"";"";"";"";""
"BP Aguada de Baixo Oeste";"";"";"";"";"";"";"";"";"";"";"";""
"BP ARRIFANA";"";"";"";"";"";"";"";"";"";"";"";""
"ALVES BANDEIRA Alhandra A";"";"";"";"";"";"";"";"";"";"";"";""
"ALVES BANDEIRA Vila do Bispo";"";"";"";"";"";"";"";"";"";"";"";""
"ALVES BANDEIRA Covilhã";"";"";"";"";"";"";"";"";"";"";"";""
"ALVES BANDEIRA Coimbrões";"";"";"";"";"";"";"";"";"";"";"";""
"ALVES BANDEIRA Maceda";"";"";"";"";"";"";"";"";"";"";"";""
"ALVES BANDEIRA Alhandra B";"";"";"";"";"";"";"";"";"";"";"";""
"ALVES BANDEIRA Leça da Palmeira";"";"";"";"";"";"";"";"";"";"";"";""
"ALVES BANDEIRA Valongo";"";"";"";"";"";"";"";"";"";"";"";""
"ALVES BANDEIRA Lanheses";"";"";"";"";"";"";"";"";"";"";"";""
"ALVES BANDEIRA Vale de Ourém";"";"";"";"";"";"";"";"";"";"";"";""
"GAO PA Lourinhã";"";"";"";"";"";"";"";"";"";"";"";""
"ALVES BANDEIRA Arrouquelas";"";"";"";"";"";"";"";"";"";"";"";""
"ALVES BANDEIRA Riachos";"";"";"";"";"";"";"";"";"";"";"";""
"BP Marinha Grande";"";"";"";"";"";"";"";"";"";"";"";""
"BP Lagos 1 ";"";"";"";"";"";"";"";"";"";"";"";""
"ALVES BANDEIRA Rio de Couros";"";"";"";"";"";"";"";"";"";"";"";""
"Lagos - E. N. 125 (Oeste)";"";"";"";"";"";"";"";"";"";"";"";""
"ALVES BANDEIRA Pombal";"";"";"";"";"";"";"";"";"";"";"";""
"TFGEST São Vicente Penso";"";"";"";"";"";"";"";"";"";"";"";""
"LOURES";"";"";"";"";"";"";"";"";"";"";"";""
"ALVES BANDEIRA Zibreira";"";"";"";"";"";"";"";"";"";"";"";""
"BP Rodovia";"";"";"";"";"";"";"";"";"";"";"";""
"LAVRADIO-RECTA DA TORNADA";"";"";"";"";"";"";"";"";"";"";"";""
"PA Tarouca - Dalvares - Posto de Abastecimento Sasa";"";"";"";"";"";"";"";"";"";"";"";""
"ALVES BANDEIRA Carriço";"";"";"";"";"";"";"";"";"";"";"";""
"ALVES BANDEIRA Ramalhal";"";"";"";"";"";"";"";"";"";"";"";""
"Cooperativa Agrícola de Rio Maior, CRL";"";"";"";"";"";"";"";"";"";"";"";""
"NEVES & QUINTAS, COMBUSTÍVEIS, LDA";"";"";"";"";"";"";"";"";"";"";"";""
"Estaçao de Serviço BP Areeiro";"";"";"";"";"";"";"";"";"";"";"";""
"Lagos - Avenida dos Descobrimentos";"";"";"";"";"";"";"";"";"";"";"";""
"BP FAFE";"";"";"";"";"";"";"";"";"";"";"";""
"PRIO Avanca";"";"";"";"";"";"";"";"";"";"";"";""
"BP S. JOÃO DE BRITO";"";"";"";"";"";"";"";"";"";"";"";""
"PRIO  Estarreja";"";"";"";"";"";"";"";"";"";"";"";""
"LOURICOOP - LOURINHÃ";"";"";"";"";"";"";"";"";"";"";"";""
"JBR Vila Nova Cerveira  (Centro) - Pronto";"";"";"";"";"";"";"";"";"";"";"";""
"BP Montijo";"";"";"";"";"";"";"";"";"";"";"";""
"BP Portimão Raminha";"";"";"";"";"";"";"";"";"";"";"";""
"Posto Rainha da Feira, Lda";"";"";"";"";"";"";"";"";"";"";"";""
"Ilídio Mota - Vizela";"";"";"";"";"";"";"";"";"";"";"";""
"BP SALGUEIROS";"";"";"";"";"";"";"";"";"";"";"";""
" BP Faro-Hayward";"";"";"";"";"";"";"";"";"";"";"";""
"A15 - Rio Maior (Norte)";"";"";"";"";"";"";"";"";"";"";"";""
"TFGEST - Gestão e Comércio de Produtos Petro. lda";"";"";"";"";"";"";"";"";"";"";"";""
"ALVES BANDEIRA Coja";"";"";"";"";"";"";"";"";"";"";"";""
"BP Santiago do Cacém - ZIL";"";"";"";"";"";"";"";"";"";"";"";""
"BP IRIVO";"";"";"";"";"";"";"";"";"";"";"";""
"ALCOCHETE  -(Junto ao Freeport)";"";"";"";"";"";"";"";"";"";"";"";""
"Bp-Taipas";"";"";"";"";"";"";"";"";"";"";"";""
"BP - Ciprestes";"";"";"";"";"";"";"";"";"";"";"";""
"BP Bento Jesus Caraça";"";"";"";"";"";"";"";"";"";"";"";""
"BP - Grelhal - Setúbal - EN 10 (Norte/Sul)";"";"";"";"";"";"";"";"";"";"";"";""
"BP - Grelhal- Setúbal - EN10  SUL/NORTE";"";"";"";"";"";"";"";"";"";"";"";""
"A15 - Rio Maior (Sul)";"";"";"";"";"";"";"";"";"";"";"";""
"AGM Nogueira Circular Poente ";"";"";"";"";"";"";"";"";"";"";"";""
"Pronto - Circular (Este) 1";"";"";"";"";"";"";"";"";"";"";"";""
"Pronto Guimarães - Brito";"";"";"";"";"";"";"";"";"";"";"";""
"BP CASALINHOS";"";"";"";"";"";"";"";"";"";"";"";""
"INTERMARCHÉ DE SÁTÃO";"";"";"";"";"";"";"";"";"";"";"";""
"PA PETROZONA São João da Madeira";"";"";"";"";"";"";"";"";"";"";"";""
"Garagem da Bela Vista,Lda";"";"";"";"";"";"";"";"";"";"";"";""
"MONTE GORDO NORTE";"";"";"";"";"";"";"";"";"";"";"";""
"BP Albergaria-a-Velha Centro";"";"";"";"";"";"";"";"";"";"";"";""
"E.S. MARINHAS B";"";"";"";"";"";"";"";"";"";"";"";""
"PRIO Altura";"";"";"";"";"";"";"";"";"";"";"";""
"BP Coop.Condeixa";"";"";"";"";"";"";"";"";"";"";"";""
"PA Galp - Lagoil";"";"";"";"";"";"";"";"";"";"";"";""
"ASA Combustiveis & Lubrificantes";"";"";"";"";"";"";"";"";"";"";"";""
"BP - CORUCHE";"";"";"";"";"";"";"";"";"";"";"";""
"Intermarché de Évora - Frei Aleixo";"";"";"";"";"";"";"";"";"";"";"";""
"JBR V. N. Cerveira ( E. N. 13 Km 103, Oeste) - Pronto";"";"";"";"";"";"";"";"";"";"";"";""
"JBR Vila Nova Cerveira II - Pronto";"";"";"";"";"";"";"";"";"";"";"";""
"intermarche V.N.Foz Côa";"";"";"";"";"";"";"";"";"";"";"";""
"OS LINOS - Palhagueiras";"";"";"";"";"";"";"";"";"";"";"";""
"JBR Covas - Pronto";"";"";"";"";"";"";"";"";"";"";"";""
"Galp Sardoal";"";"";"";"";"";"";"";"";"";"";"";""
"Cooperativa dos Viticultores e Olivicultores de Freixo de Numão";"";"";"";"";"";"";"";"";"";"";"";""
"Posto GALP Lousã EN342  - Anibal Antunes Bandeira, Lda ";"";"";"";"";"";"";"";"";"";"";"";""
"ALVES BANDEIRA Lourosa A (Sul-Norte)";"";"";"";"";"";"";"";"";"";"";"";""
"ALVES BANDEIRA Lourosa B (Norte-Sul)";"";"";"";"";"";"";"";"";"";"";"";""
"PRIO  Alenquer";"";"";"";"";"";"";"";"";"";"";"";""
"BP Oliveira do Bairro ";"";"";"";"";"";"";"";"";"";"";"";""
"BP - GUISANDE, S.M. FEIRA";"";"";"";"";"";"";"";"";"";"";"";""
"ALVES BANDEIRA Ceira A";"";"";"";"";"";"";"";"";"";"";"";""
"INTERMARCHE MAFRA";"";"";"";"";"";"";"";"";"";"";"";""
"BP (Vila Verde)";"";"";"";"";"";"";"";"";"";"";"";""
"Auto Pneus Aranha, lda / Petrin";"";"";"";"";"";"";"";"";"";"";"";""
"P.A. Mourisca";"";"";"";"";"";"";"";"";"";"";"";""
"INTERMARCHÉ ALCAINS";"";"";"";"";"";"";"";"";"";"";"";""
"GALP CHÃO DE AVE";"";"";"";"";"";"";"";"";"";"";"";""
"BRINCHES";"";"";"";"";"";"";"";"";"";"";"";""
"Coop.Agríc.Tocha";"";"";"";"";"";"";"";"";"";"";"";""
"BP PENAFIEL (ESTE)";"";"";"";"";"";"";"";"";"";"";"";""
"ALVES BANDEIRA Vale de Vaz";"";"";"";"";"";"";"";"";"";"";"";""
"ALVES BANDEIRA Góis";"";"";"";"";"";"";"";"";"";"";"";""
"Bombagás - Combustíveis e Lubrificantes, Lda";"";"";"";"";"";"";"";"";"";"";"";""
"PIAS";"";"";"";"";"";"";"";"";"";"";"";""
"SERPA";"";"";"";"";"";"";"";"";"";"";"";""
"E.S. AVELAR";"";"";"";"";"";"";"";"";"";"";"";""
"BP Paredes de Coura";"";"";"";"";"";"";"";"";"";"";"";""
"PRIO Gafanha da Nazaré (Av. Central)";"";"";"";"";"";"";"";"";"";"";"";""
"COMBSANTOS PENEDONO";"";"";"";"";"";"";"";"";"";"";"";""
"SIMAVIA-Vilar de Besteiros";"";"";"";"";"";"";"";"";"";"";"";""
"IG Combustíveis";"";"";"";"";"";"";"";"";"";"";"";""
"FRANCISCO BARRETO& IRMÃO,LDA - GALP Águas ";"";"";"";"";"";"";"";"";"";"";"";""
"Superfrades-Supermercados,Lda";"";"";"";"";"";"";"";"";"";"";"";""
"GALP Porto - Francos";"";"";"";"";"";"";"";"";"";"";"";""
"GALP A.S. Matosinhos (A/M)";"";"";"";"";"";"";"";"";"";"";"";""
"ALVES BANDEIRA Tentúgal";"";"";"";"";"";"";"";"";"";"";"";""
"ALVES BANDEIRA São Bernardo";"";"";"";"";"";"";"";"";"";"";"";""
"ALVES BANDEIRA Formoselha";"";"";"";"";"";"";"";"";"";"";"";""
"ALVES BANDEIRA Tábua";"";"";"";"";"";"";"";"";"";"";"";""
"ALVES BANDEIRA Arazede";"";"";"";"";"";"";"";"";"";"";"";""
"ALVES BANDEIRA Montemor-o-Velho A";"";"";"";"";"";"";"";"";"";"";"";""
"ALVES BANDEIRA Avenida";"";"";"";"";"";"";"";"";"";"";"";""
"ALVES BANDEIRA Canas de Santa Maria";"";"";"";"";"";"";"";"";"";"";"";""
"ALVES BANDEIRA Albergaria dos Doze";"";"";"";"";"";"";"";"";"";"";"";""
"ALVES BANDEIRA Oliveira de Hospital";"";"";"";"";"";"";"";"";"";"";"";""
"ALVES BANDEIRA Pampilhosa";"";"";"";"";"";"";"";"";"";"";"";""
"ALVES BANDEIRA Pena";"";"";"";"";"";"";"";"";"";"";"";""
"ALVES BANDEIRA Carvalhais";"";"";"";"";"";"";"";"";"";"";"";""
"ALVES BANDEIRA Oliveira do Bairro";"";"";"";"";"";"";"";"";"";"";"";""
"ALVES BANDEIRA Anadia";"";"";"";"";"";"";"";"";"";"";"";""
"ALVES BANDEIRA Palhaça";"";"";"";"";"";"";"";"";"";"";"";""
"ALVES BANDEIRA Gavinhos";"";"";"";"";"";"";"";"";"";"";"";""
"ALVES BANDEIRA Gouveia";"";"";"";"";"";"";"";"";"";"";"";""
"ALVES BANDEIRA Vila Cã";"";"";"";"";"";"";"";"";"";"";"";""
"ALVES BANDEIRA Travassô";"";"";"";"";"";"";"";"";"";"";"";""
"ALVES BANDEIRA Santa Joana";"";"";"";"";"";"";"";"";"";"";"";""
"ALVES BANDEIRA Quiaios";"";"";"";"";"";"";"";"";"";"";"";""
"ALVES BANDEIRA Amoreira da Gândara";"";"";"";"";"";"";"";"";"";"";"";""
"ALVES BANDEIRA Ceira B";"";"";"";"";"";"";"";"";"";"";"";""
"ALVES BANDEIRA Montemor-o-Velho B";"";"";"";"";"";"";"";"";"";"";"";""
"E.S. BARRO ZI  ";"";"";"";"";"";"";"";"";"";"";"";""
"BP Tondela";"";"";"";"";"";"";"";"";"";"";"";""
"P02 - PRIO Azurém";"";"";"";"";"";"";"";"";"";"";"";""
"Galp-OFIMAQ- Pousos_Leiria";"";"";"";"";"";"";"";"";"";"";"";""
"GALP Montalvão";"";"";"";"";"";"";"";"";"";"";"";""
"TFGEST Guimarães";"";"";"";"";"";"";"";"";"";"";"";""
"Cidade N' Aldeia";"";"";"";"";"";"";"";"";"";"";"";""
"Marcelima-Energy, Lda - Orvalho";"";"";"";"";"";"";"";"";"";"";"";""
"BP BALAZAR";"";"";"";"";"";"";"";"";"";"";"";""
"RAPEL";"";"";"";"";"";"";"";"";"";"";"";""
"ALVES BANDEIRA Benavente";"";"";"";"";"";"";"";"";"";"";"";""
"CEPSA ÓRFÃOS -  I (Poente)";"";"";"";"";"";"";"";"";"";"";"";""
"Cepsa Orfãos- II- (Nascente)";"";"";"";"";"";"";"";"";"";"";"";""
"P01 - PRIO Marco de Canaveses";"";"";"";"";"";"";"";"";"";"";"";""
"Adelino Rocha & Rocha";"";"";"";"";"";"";"";"";"";"";"";""
"Posto Serpins";"";"";"";"";"";"";"";"";"";"";"";""
"BP S. Roque";"";"";"";"";"";"";"";"";"";"";"";""
"TF JUNQUEIRA";"";"";"";"";"";"";"";"";"";"";"";""
"Q8 Albergaria-a-Velha";"";"";"";"";"";"";"";"";"";"";"";""
"OLIVEIROIL - Combustíveis e Lubrificantes, Lda.   (GUI Monte Redondo)";"";"";"";"";"";"";"";"";"";"";"";""
"BP S. Pedro Fins (Maia)";"";"";"";"";"";"";"";"";"";"";"";""
"COOPERATIVA AGRICOLA SABODOURO CRL";"";"";"";"";"";"";"";"";"";"";"";""
"ANTONIO LEITE OLIVEIRA & FILHAS, LDA.";"";"";"";"";"";"";"";"";"";"";"";""
"CLGF.LDA";"";"";"";"";"";"";"";"";"";"";"";""
"PETROBOIM LDA";"";"";"";"";"";"";"";"";"";"";"";""
"Soeiro Combustiveis ";"";"";"";"";"";"";"";"";"";"";"";""
"Arlindo Custódia Tomé";"";"";"";"";"";"";"";"";"";"";"";""
"TOURIPETRO";"";"";"";"";"";"";"";"";"";"";"";""
"TF GEST ÁRVORE";"";"";"";"";"";"";"";"";"";"";"";""
"FREITAS Silvares";"";"";"";"";"";"";"";"";"";"";"";""
"Carcouto Combustiveis Lda / FREITAS Paços de Gaiolo";"";"";"";"";"";"";"";"";"";"";"";""
"TF GEST - VILA COVA  (Esposende- Barcelos)";"";"";"";"";"";"";"";"";"";"";"";""
"P. A. Recta do Pinhal";"";"";"";"";"";"";"";"";"";"";"";""
"FREITAS Santa Marinha do Zêzere";"";"";"";"";"";"";"";"";"";"";"";""
"Petro- C.C. Carro Cheio,Supermercado,Lda.";"";"";"";"";"";"";"";"";"";"";"";""
"A22 Olhão (Olh/VRSA)";"";"";"";"";"";"";"";"";"";"";"";""
"A22 Olhão (VRSA/Olh)";"";"";"";"";"";"";"";"";"";"";"";""
"A22 SILVES  (FAR/LGS) ";"";"";"";"";"";"";"";"";"";"";"";""
"PA 22 SILVES (LGS/FAR)";"";"";"";"";"";"";"";"";"";"";"";""
"A23 ABRANTES (ABR/LIS)";"";"";"";"";"";"";"";"";"";"";"";""
"A23 ABRANTES (LIS/ABR)";"";"";"";"";"";"";"";"";"";"";"";""
"A23 CASTELO BRANCO (ABR/CBR)";"";"";"";"";"";"";"";"";"";"";"";""
"A23 CASTELO BRANCO (CBR/ABR)";"";"";"";"";"";"";"";"";"";"";"";""
"A23 Fundão (C.B. / Fundão)";"";"";"";"";"";"";"";"";"";"";"";""
"A23 FUNDÃO (FND/CBR)";"";"";"";"";"";"";"";"";"";"";"";""
"A28 VIANA DO CASTELO (POR/VNC)";"";"";"";"";"";"";"";"";"";"";"";""
"A28 VIANA DO CASTELO (VNC/POR)";"";"";"";"";"";"";"";"";"";"";"";""
"CEPSA - A3 Barcelos (POR/VAL)";"";"";"";"";"";"";"";"";"";"";"";""
"CEPSA - A3 Barcelos (VAL/POR)";"";"";"";"";"";"";"";"";"";"";"";""
"A6  ESTREMOZ (ELV/LIS)";"";"";"";"";"";"";"";"";"";"";"";""
"A6 ESTREMOZ  (LIS/ELV)";"";"";"";"";"";"";"";"";"";"";"";""
"Leão & Companhia, Lda - Posto de Combustíveis de Lustosa";"";"";"";"";"";"";"";"";"";"";"";""
"Cepsa Alcanena ";"";"";"";"";"";"";"";"";"";"";"";""
"Alcoitão I (EST/SIN)";"";"";"";"";"";"";"";"";"";"";"";""
"Alcoitão II (SIN/EST)";"";"";"";"";"";"";"";"";"";"";"";""
"CEPSA A-da-Beja";"";"";"";"";"";"";"";"";"";"";"";""
"Área de Serviço de Grandola A Norte - Sul";"";"";"";"";"";"";"";"";"";"";"";""
"REPSOL A2 Grândola (ALG/LIS)";"";"";"";"";"";"";"";"";"";"";"";""
"CEPSA Barra Cheia - Moita";"";"";"";"";"";"";"";"";"";"";"";""
"Abuxarda -Dramático de Cascais";"";"";"";"";"";"";"";"";"";"";"";""
"CASCAIS SHOPPING";"";"";"";"";"";"";"";"";"";"";"";""
"P12 - PRIO Porto - Estrada Circunvalação";"";"";"";"";"";"";"";"";"";"";"";""
"COIMBRA - SÓLUM";"";"";"";"";"";"";"";"";"";"";"";""
"COIMBRA I";"";"";"";"";"";"";"";"";"";"";"";""
"CONDEIXA-A-NOVA  (LIS/POR)";"";"";"";"";"";"";"";"";"";"";"";""
"CONDEIXA-A-NOVA II (N/S)";"";"";"";"";"";"";"";"";"";"";"";""
" Errmesinde (Av. 5 Outubro)";"";"";"";"";"";"";"";"";"";"";"";""
"AVEIRO - ESGUEIRA";"";"";"";"";"";"";"";"";"";"";"";""
"BXPRESS ESTARREJA";"";"";"";"";"";"";"";"";"";"";"";""
"FARIA GUIMARÃES";"";"";"";"";"";"";"";"";"";"";"";""
"FARO AEROPORTO";"";"";"";"";"";"";"";"";"";"";"";""
"CEPSA FÁTIMA";"";"";"";"";"";"";"";"";"";"";"";""
"FORJÃES";"";"";"";"";"";"";"";"";"";"";"";""
"PA MOEVE FOROS DE AMORA";"";"";"";"";"";"";"";"";"";"";"";""
"Galiza - Cascais";"";"";"";"";"";"";"";"";"";"";"";""
"IP3 (CBR/VIS)";"";"";"";"";"";"";"";"";"";"";"";""
"PA CEPSA IP3 (Vis-Cbr)";"";"";"";"";"";"";"";"";"";"";"";""
"JOANE";"";"";"";"";"";"";"";"";"";"";"";""
"CEPSA LAVRA";"";"";"";"";"";"";"";"";"";"";"";""
"LEIRIA - POUSOS";"";"";"";"";"";"";"";"";"";"";"";""
"Sintra - Av. Cascais";"";"";"";"";"";"";"";"";"";"";"";""
"LISBOA - BENFICA";"";"";"";"";"";"";"";"";"";"";"";""
"BP Lisboa - Duarte Pacheco";"";"";"";"";"";"";"";"";"";"";"";""
"Estádio Universitário";"";"";"";"";"";"";"";"";"";"";"";""
"MAIA.";"";"";"";"";"";"";"";"";"";"";"";""
"MAIA - ZONA INDUSTRIAL";"";"";"";"";"";"";"";"";"";"";"";""
"MOEVE Manique -   Cascais";"";"";"";"";"";"";"";"";"";"";"";""
"Porto - Marginal";"";"";"";"";"";"";"";"";"";"";"";""
"CEPSA Mem Martins";"";"";"";"";"";"";"";"";"";"";"";""
"Manuel Artur Rodrigues";"";"";"";"";"";"";"";"";"";"";"";""
"Mercado Abastecedor";"";"";"";"";"";"";"";"";"";"";"";""
"MOITA";"";"";"";"";"";"";"";"";"";"";"";""
"MOEVE Oeiras - Rua Cândido dos Reis";"";"";"";"";"";"";"";"";"";"";"";""
"OLIVAL BASTO - LOURES";"";"";"";"";"";"";"";"";"";"";"";""
"CEPSA Ovar I";"";"";"";"";"";"";"";"";"";"";"";""
"Petroeco, Lda.";"";"";"";"";"";"";"";"";"";"";"";""
"Porto - Hosp. S. João";"";"";"";"";"";"";"";"";"";"";"";""
"PORTO - PQ. CIDADE";"";"";"";"";"";"";"";"";"";"";"";""
"QUARTEIRA";"";"";"";"";"";"";"";"";"";"";"";""
"CREIXOAUTO GUIMARAES";"";"";"";"";"";"";"";"";"";"";"";""
"RAMADA - ODIVELAS";"";"";"";"";"";"";"";"";"";"";"";""
"REBORDOSA";"";"";"";"";"";"";"";"";"";"";"";""
"AB de Torres Novas";"";"";"";"";"";"";"";"";"";"";"";""
"Cepsa Valongo";"";"";"";"";"";"";"";"";"";"";"";""
"PA  VILA DO CONDE";"";"";"";"";"";"";"";"";"";"";"";""
"AUTOLIM, LDA.";"";"";"";"";"";"";"";"";"";"";"";""
"VILA REAL III";"";"";"";"";"";"";"";"";"";"";"";""
"VILAR DO PINHEIRO";"";"";"";"";"";"";"";"";"";"";"";""
"MOEVE - Viseu (Av. da Bélgica)";"";"";"";"";"";"";"";"";"";"";"";""
"COMBSANTOS VOUZELA";"";"";"";"";"";"";"";"";"";"";"";""
"MIRA D'AIRE";"";"";"";"";"";"";"";"";"";"";"";""
"E.S. PAÇOS DE FERREIRA II";"";"";"";"";"";"";"";"";"";"";"";""
"Amadeu Gonçalves Cura ";"";"";"";"";"";"";"";"";"";"";"";""
"PA GENERICO SOALHEIRA";"";"";"";"";"";"";"";"";"";"";"";""
"GASCOMB PRIO TONDELA";"";"";"";"";"";"";"";"";"";"";"";""
"PETRO  LAMAS";"";"";"";"";"";"";"";"";"";"";"";""
"P06 - PRIO Pevidém";"";"";"";"";"";"";"";"";"";"";"";""
"BXPRESS - VALE DE CAMBRA";"";"";"";"";"";"";"";"";"";"";"";""
"P05 - PRIO Donim";"";"";"";"";"";"";"";"";"";"";"";""
"CEPSA FRONTEIRA";"";"";"";"";"";"";"";"";"";"";"";""
"P07 - PRIO Roriz";"";"";"";"";"";"";"";"";"";"";"";""
"BP Vizela Norte";"";"";"";"";"";"";"";"";"";"";"";""
"PAC Pampilhosa - Conforlux";"";"";"";"";"";"";"";"";"";"";"";""
"D'AMÉRICO";"";"";"";"";"";"";"";"";"";"";"";""
"TF GEST - VILA COVA (Barcelos-Esposende)";"";"";"";"";"";"";"";"";"";"";"";""
"TF GEST FRADELOS";"";"";"";"";"";"";"";"";"";"";"";""
"Nelson Mouro, Unip. AB - Unhais da Serra";"";"";"";"";"";"";"";"";"";"";"";""
"TF GEST - VILELA";"";"";"";"";"";"";"";"";"";"";"";""
"PRIO Marco do Grilo";"";"";"";"";"";"";"";"";"";"";"";""
" Freitas- Santo Tirso-Vila das Aves";"";"";"";"";"";"";"";"";"";"";"";""
"TF GEST Cerdal_Viana do Castelo";"";"";"";"";"";"";"";"";"";"";"";""
"Petro Lopes de Isidro Sa Lopes Lda";"";"";"";"";"";"";"";"";"";"";"";""
"ALVES BANDEIRA Alter do Chão";"";"";"";"";"";"";"";"";"";"";"";""
"Freitas Monte Córdova";"";"";"";"";"";"";"";"";"";"";"";""
"BP RATES";"";"";"";"";"";"";"";"";"";"";"";""
"Galp/Freitas Carrazedo de Montenegro";"";"";"";"";"";"";"";"";"";"";"";""
"Nunes, Alves & Filhos, Lda";"";"";"";"";"";"";"";"";"";"";"";""
"FREITAS Ribeira do Neiva";"";"";"";"";"";"";"";"";"";"";"";""
"PRIO Montijo";"";"";"";"";"";"";"";"";"";"";"";""
"Gepoil | Prio Paredes de Coura ";"";"";"";"";"";"";"";"";"";"";"";""
"BP 5 OUTUBRO";"";"";"";"";"";"";"";"";"";"";"";""
"GASPE";"";"";"";"";"";"";"";"";"";"";"";""
"E.S. CARRIÇA";"";"";"";"";"";"";"";"";"";"";"";""
"PETROPOSTOS COMERCIO DE COMBUSTIVEIS LDA";"";"";"";"";"";"";"";"";"";"";"";""
"Amor";"";"";"";"";"";"";"";"";"";"";"";""
"GALP MONTE FAISCA";"";"";"";"";"";"";"";"";"";"";"";""
"BP PENAFIEL(OESTE)";"";"";"";"";"";"";"";"";"";"";"";""
"E.S. BOMBEL A";"";"";"";"";"";"";"";"";"";"";"";""
"Ilídio Mota- Trofa";"";"";"";"";"";"";"";"";"";"";"";""
"Senhora do Rosário Combustíveis Unipessoal Lda";"";"";"";"";"";"";"";"";"";"";"";""
"Petromoura";"";"";"";"";"";"";"";"";"";"";"";""
"SAND STAGE LDA";"";"";"";"";"";"";"";"";"";"";"";""
"E.S. ALBERGARIA-A-NOVA";"";"";"";"";"";"";"";"";"";"";"";""
"PA Amarante - Petrofregim";"";"";"";"";"";"";"";"";"";"";"";""
"BP Mirão";"";"";"";"";"";"";"";"";"";"";"";""
"Repsol Pinheiro Sul";"";"";"";"";"";"";"";"";"";"";"";""
"BP - AFONSO HENRIQUES - ARRIFANA";"";"";"";"";"";"";"";"";"";"";"";""
"P03 - PRIO Chaves I";"";"";"";"";"";"";"";"";"";"";"";""
"BP Pisoes";"";"";"";"";"";"";"";"";"";"";"";""
"FHS COMBUSTÍVEIS, LDA.";"";"";"";"";"";"";"";"";"";"";"";""
"Tuacar - Posto Alfandega da Fé";"";"";"";"";"";"";"";"";"";"";"";""
"BP Sobreposta";"";"";"";"";"";"";"";"";"";"";"";""
"BP Pinheiro Norte";"";"";"";"";"";"";"";"";"";"";"";""
"BP - Lixa";"";"";"";"";"";"";"";"";"";"";"";""
"Tuacar - Posto Freixo de Espada à Cinta";"";"";"";"";"";"";"";"";"";"";"";""
"Tuacar - Posto Mogadouro";"";"";"";"";"";"";"";"";"";"";"";""
"PETROVAZ  - S.VICENTE PEREIRA";"";"";"";"";"";"";"";"";"";"";"";""
"BP Pevidém";"";"";"";"";"";"";"";"";"";"";"";""
"Estaçao Serviço Coronado";"";"";"";"";"";"";"";"";"";"";"";""
"E.S. PATAIAS";"";"";"";"";"";"";"";"";"";"";"";""
"ALVES BANDEIRA Damaia";"";"";"";"";"";"";"";"";"";"";"";""
"Petro Baulhe Combustíveis, Lda";"";"";"";"";"";"";"";"";"";"";"";""
"Posto Acrossuccess";"";"";"";"";"";"";"";"";"";"";"";""
"P10 - PRIO Rio de Moinhos ";"";"";"";"";"";"";"";"";"";"";"";""
"NADP Bajouca";"";"";"";"";"";"";"";"";"";"";"";""
"Jorge Manuel Henriques Lucio, Lda";"";"";"";"";"";"";"";"";"";"";"";""
"FAMILIA ELECTRO MOVEIS LDA";"";"";"";"";"";"";"";"";"";"";"";""
"TFGEST VALPAÇOS";"";"";"";"";"";"";"";"";"";"";"";""
"GALP Moita dos Ferreiros";"";"";"";"";"";"";"";"";"";"";"";""
"GASPE-Eduardo A Gonçalves Lda";"";"";"";"";"";"";"";"";"";"";"";""
"SANDRINA & MÁRIO, LDA / GASPE Sendim";"";"";"";"";"";"";"";"";"";"";"";""
"POSTO DOMINGUES E DOMINGOS";"";"";"";"";"";"";"";"";"";"";"";""
"COMBSANTOS  PINDELO DE SILGUEIROS";"";"";"";"";"";"";"";"";"";"";"";""
"P31 - PRIO Queirã";"";"";"";"";"";"";"";"";"";"";"";""
"PASV -  Senhora dos Verdes";"";"";"";"";"";"";"";"";"";"";"";""
"E.S. PINDELO DOS MILAGRES";"";"";"";"";"";"";"";"";"";"";"";""
"POSTO ABEL CANADINHAS";"";"";"";"";"";"";"";"";"";"";"";""
"E.S. VOUZELA - CAMPIA";"";"";"";"";"";"";"";"";"";"";"";""
"PA Muna - Ricarsantos";"";"";"";"";"";"";"";"";"";"";"";""
"SERGIO AUGUSTO FELIX ALMEIDA";"";"";"";"";"";"";"";"";"";"";"";""
"RICARSANTOS - CEPOES";"";"";"";"";"";"";"";"";"";"";"";""
"Daniel Vicente Francisco - PA Galp Carris";"";"";"";"";"";"";"";"";"";"";"";""
"SANTA MARIA DE LAMAS";"";"";"";"";"";"";"";"";"";"";"";""
"ALVES BANDEIRA Tamel";"";"";"";"";"";"";"";"";"";"";"";""
"PA BP Covilhã";"";"";"";"";"";"";"";"";"";"";"";""
"Posto Abastecimento Zona Industrial da Adua";"";"";"";"";"";"";"";"";"";"";"";""
"Combustíveis Agostinho & Agostinho Lda";"";"";"";"";"";"";"";"";"";"";"";""
"Curvão Combustíveis";"";"";"";"";"";"";"";"";"";"";"";""
"Gasodueça - PA Genérico Meãs";"";"";"";"";"";"";"";"";"";"";"";""
"Prio Candedo";"";"";"";"";"";"";"";"";"";"";"";""
"Posto de Abastecimento de Paredes";"";"";"";"";"";"";"";"";"";"";"";""
"E.S. PAREDES DA BEIRA";"";"";"";"";"";"";"";"";"";"";"";""
"E.S. TERENA";"";"";"";"";"";"";"";"";"";"";"";""
"BP Vouzela";"";"";"";"";"";"";"";"";"";"";"";""
"ES PÉ DA PEDREIRA";"";"";"";"";"";"";"";"";"";"";"";""
"PA CEPSA ÍLHAVO";"";"";"";"";"";"";"";"";"";"";"";""
"NOVA LUBRIALTA";"";"";"";"";"";"";"";"";"";"";"";""
"BXPRESS BAROSA";"";"";"";"";"";"";"";"";"";"";"";""
"BP FELGUEIRAS";"";"";"";"";"";"";"";"";"";"";"";""
"Barreirinho - Sátão";"";"";"";"";"";"";"";"";"";"";"";""
"ENCANTANGULAR COMBUSTIVEIS";"";"";"";"";"";"";"";"";"";"";"";""
"ALVES BANDEIRA Raimonda";"";"";"";"";"";"";"";"";"";"";"";""
"BP AMARANTE";"";"";"";"";"";"";"";"";"";"";"";""
"COMBSANTOS VALE DA MATA MORTAGUA";"";"";"";"";"";"";"";"";"";"";"";""
"P A Zona Industrial";"";"";"";"";"";"";"";"";"";"";"";""
"Petromendes, Lda. - Meirinhas";"";"";"";"";"";"";"";"";"";"";"";""
"E.S.Santo Estevão";"";"";"";"";"";"";"";"";"";"";"";""
"LIMA & LIMA, Lda";"";"";"";"";"";"";"";"";"";"";"";""
"BP Fermentelos";"";"";"";"";"";"";"";"";"";"";"";""
"CEPSA Figueiró dos Vinhos";"";"";"";"";"";"";"";"";"";"";"";""
"PRIO Vila Amélia (Sul)";"";"";"";"";"";"";"";"";"";"";"";""
"Q8 Balazar";"";"";"";"";"";"";"";"";"";"";"";""
"PRIO Covilhã - Oeste ";"";"";"";"";"";"";"";"";"";"";"";""
"BP MOGADOURO";"";"";"";"";"";"";"";"";"";"";"";""
"G. M. I - VERMOIM- V. N. DE FAMALICÃO";"";"";"";"";"";"";"";"";"";"";"";""
"ALVES BANDEIRA Tavira";"";"";"";"";"";"";"";"";"";"";"";""
"PRIO Portela das Padeiras";"";"";"";"";"";"";"";"";"";"";"";""
"GASONAVE Sociedade de Exploração de Combustiveis, Lda";"";"";"";"";"";"";"";"";"";"";"";""
"PRIO Barroselas";"";"";"";"";"";"";"";"";"";"";"";""
"António Alfredo Lamas - PA Alves Bandeira Trevões";"";"";"";"";"";"";"";"";"";"";"";""
"PRIO Rio Maior";"";"";"";"";"";"";"";"";"";"";"";""
"GPR Pneus, Lda.";"";"";"";"";"";"";"";"";"";"";"";""
"P48 - SHELL Frades";"";"";"";"";"";"";"";"";"";"";"";""
"PA ARGONCILHE";"";"";"";"";"";"";"";"";"";"";"";""
"E.S. ESCARIZ";"";"";"";"";"";"";"";"";"";"";"";""
"CB de Ferreira do Alentejo";"";"";"";"";"";"";"";"";"";"";"";""
"Flor de Campilhas";"";"";"";"";"";"";"";"";"";"";"";""
"Carreira & Gama, Lda. ";"";"";"";"";"";"";"";"";"";"";"";""
"Petrovila - Combustíveis, Lda";"";"";"";"";"";"";"";"";"";"";"";""
"CB de Aldeia de Ruins";"";"";"";"";"";"";"";"";"";"";"";""
"PA de Cajados";"";"";"";"";"";"";"";"";"";"";"";""
"POETA & QUENTAL";"";"";"";"";"";"";"";"";"";"";"";""
"ALVES BANDEIRA Moita";"";"";"";"";"";"";"";"";"";"";"";""
"OS PALMAS";"";"";"";"";"";"";"";"";"";"";"";""
"Coprapec - Quinta da Ponte (fecha 17:30h)";"";"";"";"";"";"";"";"";"";"";"";""
"ALVES BANDEIRA Serroventoso";"";"";"";"";"";"";"";"";"";"";"";""
"Crisalbi.Lda";"";"";"";"";"";"";"";"";"";"";"";""
"Combustiveis vale do sousa, lda - PA Galp Parada de Todeia";"";"";"";"";"";"";"";"";"";"";"";""
"CB de Peroguarda";"";"";"";"";"";"";"";"";"";"";"";""
"PA Silveirinho";"";"";"";"";"";"";"";"";"";"";"";""
"PETROVARIANTE Arouca";"";"";"";"";"";"";"";"";"";"";"";""
"P A COLMEIAS";"";"";"";"";"";"";"";"";"";"";"";""
"CB de Figueira dos Cavaleiros";"";"";"";"";"";"";"";"";"";"";"";""
"ALVES BANDEIRA Macedo de Cavaleiros";"";"";"";"";"";"";"";"";"";"";"";""
"Posto Sodimapi Felgueiras";"";"";"";"";"";"";"";"";"";"";"";""
"CB de Cabeça Gorda";"";"";"";"";"";"";"";"";"";"";"";""
"CB de Cercal do Alentejo";"";"";"";"";"";"";"";"";"";"";"";""
"CASP - ÁREA DE SERVIÇO PORTAS DO CÁVADO, LDA.";"";"";"";"";"";"";"";"";"";"";"";""
"BP Braga Imaculada";"";"";"";"";"";"";"";"";"";"";"";""
"Intermarche de Vila Real de Santo Antonio";"";"";"";"";"";"";"";"";"";"";"";""
"Carrasquinho & Filhos - Vale Parra - Sul";"";"";"";"";"";"";"";"";"";"";"";""
"Carrasquinho & Filhos - Vale Parra - Norte";"";"";"";"";"";"";"";"";"";"";"";""
"RECHEIO BRAGA";"";"";"";"";"";"";"";"";"";"";"";""
"RECHEIO VISEU";"";"";"";"";"";"";"";"";"";"";"";""
"RECHEIO TORRES VEDRAS";"";"";"";"";"";"";"";"";"";"";"";""
"PD BORBA";"";"";"";"";"";"";"";"";"";"";"";""
"BP Vila Viçosa";"";"";"";"";"";"";"";"";"";"";"";""
"ANTONIO & LUIS MATIAS, LDA";"";"";"";"";"";"";"";"";"";"";"";""
"Ouro Negro - Golegã";"";"";"";"";"";"";"";"";"";"";"";""
"Ouro Negro - Pombal - Nascente";"";"";"";"";"";"";"";"";"";"";"";""
"E.S. MIRANDA DO CORVO II";"";"";"";"";"";"";"";"";"";"";"";""
"PA Alva";"";"";"";"";"";"";"";"";"";"";"";""
"Ouro Negro - Almeirim";"";"";"";"";"";"";"";"";"";"";"";""
"Ouro Negro - Pombal - Poente";"";"";"";"";"";"";"";"";"";"";"";""
"Carrasquinho & Filhos - Tunes";"";"";"";"";"";"";"";"";"";"";"";""
"Intermarché Condeixa-a-Nova";"";"";"";"";"";"";"";"";"";"";"";""
"Atalaia";"";"";"";"";"";"";"";"";"";"";"";""
"SHELL Avenida de Roma";"";"";"";"";"";"";"";"";"";"";"";""
"BP";"";"";"";"";"";"";"";"";"";"";"";""
"J. LOURENÇO - PROENÇA ";"";"";"";"";"";"";"";"";"";"";"";""
"CL-AUTOGÁS.";"";"";"";"";"";"";"";"";"";"";"";""
"J. LOURENÇO - CASTELO BRANCO";"";"";"";"";"";"";"";"";"";"";"";""
"Repsol - Coop. Agric. Alcobaça";"";"";"";"";"";"";"";"";"";"";"";""
"COOP. AGR. DE SANTO TIRSO E TROFA";"";"";"";"";"";"";"";"";"";"";"";""
"USSEIRA";"";"";"";"";"";"";"";"";"";"";"";""
"ALVES BANDEIRA Cortes";"";"";"";"";"";"";"";"";"";"";"";""
"IP5 Mangualde (Norte)";"";"";"";"";"";"";"";"";"";"";"";""
"IP5 Mangualde (Sul)";"";"";"";"";"";"";"";"";"";"";"";""
"Samor-Sociedade de Combustíveis e Acessórios para Automóveis,Lda";"";"";"";"";"";"";"";"";"";"";"";""
"PA Martins & Filhos";"";"";"";"";"";"";"";"";"";"";"";""
"GAPOR - Pardilhó";"";"";"";"";"";"";"";"";"";"";"";""
"MANUEL JOSÉ BATISTA CORREIA - PA AB Sanguedo";"";"";"";"";"";"";"";"";"";"";"";""
"BP Cercal do Alentejo";"";"";"";"";"";"";"";"";"";"";"";""
"Carbudaire  Bairro-Ourém";"";"";"";"";"";"";"";"";"";"";"";""
"Orlindo Crespo Pedrosa, Lda";"";"";"";"";"";"";"";"";"";"";"";""
"PRIO Alcanhões";"";"";"";"";"";"";"";"";"";"";"";""
"ALVES BANDEIRA Alhadas";"";"";"";"";"";"";"";"";"";"";"";""
"João Serras - Posto do Palvarinho";"";"";"";"";"";"";"";"";"";"";"";""
"Bp Confraria - Leiria";"";"";"";"";"";"";"";"";"";"";"";""
"Petro Estrada Real, Lda";"";"";"";"";"";"";"";"";"";"";"";""
"Bp Boliqueime II";"";"";"";"";"";"";"";"";"";"";"";""
"ARRANHA FONTINHAS, LDA";"";"";"";"";"";"";"";"";"";"";"";""
"Pit Lane Ronfe";"";"";"";"";"";"";"";"";"";"";"";""
"Auto Petro Diz & Diz Lda ";"";"";"";"";"";"";"";"";"";"";"";""
"PA LAGOA";"";"";"";"";"";"";"";"";"";"";"";""
"INTERMARCHÉ DE PATAIAS";"";"";"";"";"";"";"";"";"";"";"";""
"Mercearia Alentejana";"";"";"";"";"";"";"";"";"";"";"";""
"Combustíveis CR";"";"";"";"";"";"";"";"";"";"";"";""
"PA Porto de Mós";"";"";"";"";"";"";"";"";"";"";"";""
"Posto Abastecimento Apulia";"";"";"";"";"";"";"";"";"";"";"";""
"Primos Soares & Irmãos Ldª";"";"";"";"";"";"";"";"";"";"";"";""
"PRIO Coimbrão";"";"";"";"";"";"";"";"";"";"";"";""
" PA Meixomil - VinhaSuper";"";"";"";"";"";"";"";"";"";"";"";""
"BP Leiria";"";"";"";"";"";"";"";"";"";"";"";""
"Cooperativa Agricola Mora";"";"";"";"";"";"";"";"";"";"";"";""
"Posto Vila Caiz ";"";"";"";"";"";"";"";"";"";"";"";""
"Posto de Sobral de Monte Agraço";"";"";"";"";"";"";"";"";"";"";"";""
"GALP Esmoriz - Gondesende";"";"";"";"";"";"";"";"";"";"";"";""
"PRIO Vagos";"";"";"";"";"";"";"";"";"";"";"";""
"Intermarché Figueiró dos Vinhos";"";"";"";"";"";"";"";"";"";"";"";""
"ALVES BANDEIRA Santana";"";"";"";"";"";"";"";"";"";"";"";""
"POSTO DE FREGIM";"";"";"";"";"";"";"";"";"";"";"";""
"POSTO DO CAVALINHO";"";"";"";"";"";"";"";"";"";"";"";""
"FREIXAUTO";"";"";"";"";"";"";"";"";"";"";"";""
"ILÍDIO MOTA - Posto do Couto de Cambeses";"";"";"";"";"";"";"";"";"";"";"";""
"LUBRIBRARDOS, LDA";"";"";"";"";"";"";"";"";"";"";"";""
"P49 - SHELL Bouro St.ª Maria";"";"";"";"";"";"";"";"";"";"";"";""
"CIRCUNSTÂNCIA AZUL 1 - PA Serra de Santo António";"";"";"";"";"";"";"";"";"";"";"";""
"GESTROIL ENERGY - Barreira (Leiria)";"";"";"";"";"";"";"";"";"";"";"";""
"AS FIGUEIRA DA FOZ A - Gespost - Gestão e Administração de Postos de Abastecimento Unipessoal LDA";"";"";"";"";"";"";"";"";"";"";"";""
"AS FIGUEIRA DA FOZ B - Gespost - Gestão e Administração de Postos de Abastecimento Unipessoal LDA";"";"";"";"";"";"";"";"";"";"";"";""
"Intermarché Ourém - PA Intermarché Ourém";"";"";"";"";"";"";"";"";"";"";"";""
"AS MONTE REDONDO B - Gespost - Gestão e Administração de Postos de Abastecimento Unipessoal LDA";"";"";"";"";"";"";"";"";"";"";"";""
"AS MONTE REDONDO A - Gespost - Gestão e Administração de Postos de Abastecimento Unipessoal LDA";"";"";"";"";"";"";"";"";"";"";"";""
"TFUEL - OURIQUE";"";"";"";"";"";"";"";"";"";"";"";""
"P22 - PRIO Tabuaço ";"";"";"";"";"";"";"";"";"";"";"";""
"António Alberto Tomé";"";"";"";"";"";"";"";"";"";"";"";""
"PRIO SATAO";"";"";"";"";"";"";"";"";"";"";"";""
"E.S. AFIFE";"";"";"";"";"";"";"";"";"";"";"";""
"BP MANGUALDE AZURARA DA BEIRA";"";"";"";"";"";"";"";"";"";"";"";""
"TF GEST FIGUEIRÓ";"";"";"";"";"";"";"";"";"";"";"";""
"FERREIRA &FERREIRA COMBUSTIVEIS LDA - ALVES BANDEIRA";"";"";"";"";"";"";"";"";"";"";"";""
"PA Tremês";"";"";"";"";"";"";"";"";"";"";"";""
"Borrego Leonor & Irmão, S.A.";"";"";"";"";"";"";"";"";"";"";"";""
"Maria Nazaré da Costa Tainha Sociedade ,Unipessoal,Lda";"";"";"";"";"";"";"";"";"";"";"";""
"PRIO Santo Tirso";"";"";"";"";"";"";"";"";"";"";"";""
"Intermarché Carregado";"";"";"";"";"";"";"";"";"";"";"";""
"OLIVEIRA & VIEIRA, LDA.";"";"";"";"";"";"";"";"";"";"";"";""
"Cooperativa Agrícola de Loures, CRL";"";"";"";"";"";"";"";"";"";"";"";""
"JESUS & JESUS, S.A.";"";"";"";"";"";"";"";"";"";"";"";""
"Rua da Cooperativa - Amieiro ";"";"";"";"";"";"";"";"";"";"";"";""
"PRIO Maia - Via Diagonal";"";"";"";"";"";"";"";"";"";"";"";""
"PRIO Póvoa do Varzim";"";"";"";"";"";"";"";"";"";"";"";""
"BP CORRELHÃ";"";"";"";"";"";"";"";"";"";"";"";""
"BEQ Paredes do Gravo";"";"";"";"";"";"";"";"";"";"";"";""
"Elisiário Forte";"";"";"";"";"";"";"";"";"";"";"";""
"JOAO A.L.ANJOS E FILHO,LDA";"";"";"";"";"";"";"";"";"";"";"";""
"Joao Palma. Unipessoal Lda ";"";"";"";"";"";"";"";"";"";"";"";""
"PA Benedita (Carbuiberia P12)";"";"";"";"";"";"";"";"";"";"";"";""
"CEPSA S. Teotónio";"";"";"";"";"";"";"";"";"";"";"";""
"Irmãos Teixeira, Lda. (Cadima) - PA Alves Bandeira Cadima";"";"";"";"";"";"";"";"";"";"";"";""
"Posto de Lageosa do Dão";"";"";"";"";"";"";"";"";"";"";"";""
"Alves Bandeira - Soito";"";"";"";"";"";"";"";"";"";"";"";""
"INTERMARCHÉ   MAZAREFES";"";"";"";"";"";"";"";"";"";"";"";""
"E.S. MARCO DE CANAVEZES";"";"";"";"";"";"";"";"";"";"";"";""
"E.S. ESTREMOZ  ZI";"";"";"";"";"";"";"";"";"";"";"";""
"PA Pinhal Fanheiro (Carbuiberia P04)";"";"";"";"";"";"";"";"";"";"";"";""
"GONDIFELOS";"";"";"";"";"";"";"";"";"";"";"";""
"ALVES BANDEIRA Romeira";"";"";"";"";"";"";"";"";"";"";"";""
"A41 Moreira-Maia (Sul)";"";"";"";"";"";"";"";"";"";"";"";""
"A41 Moreira-Maia (Norte)";"";"";"";"";"";"";"";"";"";"";"";""
"FERNANDO AZENHA";"";"";"";"";"";"";"";"";"";"";"";""
"P11 - PRIO Canidelo";"";"";"";"";"";"";"";"";"";"";"";""
"PAP SOCRABINE - Coina";"";"";"";"";"";"";"";"";"";"";"";""
"P. A. Eurico Martins Mendes - Martinlongo";"";"";"";"";"";"";"";"";"";"";"";""
"Combustíveis Videira e Filhos Lda";"";"";"";"";"";"";"";"";"";"";"";""
"E.S. VILA NOVA DE CACELA";"";"";"";"";"";"";"";"";"";"";"";""
"PETROCARREIRA";"";"";"";"";"";"";"";"";"";"";"";""
"CEPSA Oliveira de Azemeis";"";"";"";"";"";"";"";"";"";"";"";""
"TF GEST AVESSADAS";"";"";"";"";"";"";"";"";"";"";"";""
"PETRORUMI, Lda.";"";"";"";"";"";"";"";"";"";"";"";""
"Posto de Abastecimento Auto Albergue, Lda.";"";"";"";"";"";"";"";"";"";"";"";""
"Alves Bandeira -  Lagameças";"";"";"";"";"";"";"";"";"";"";"";""
"Agricarmões, Lda";"";"";"";"";"";"";"";"";"";"";"";""
"J.B.SILVA LDA";"";"";"";"";"";"";"";"";"";"";"";""
"Prio Beja";"";"";"";"";"";"";"";"";"";"";"";""
"ALVES BANDEIRA Espinhosa";"";"";"";"";"";"";"";"";"";"";"";""
"E.S. MOGEGE";"";"";"";"";"";"";"";"";"";"";"";""
"CASAL PINHEIRO";"";"";"";"";"";"";"";"";"";"";"";""
"PAGRIPACENSE";"";"";"";"";"";"";"";"";"";"";"";""
"INTERMARCHÉ SOBREIRO CURVO ";"";"";"";"";"";"";"";"";"";"";"";""
"PA Alves Bandeira - AB Cabanas de Viriato";"";"";"";"";"";"";"";"";"";"";"";""
"P. A. J. Pisco- Castelejo";"";"";"";"";"";"";"";"";"";"";"";""
"MJC - Ferreira - Casal Do Abegão - PRODUTOS BP";"";"";"";"";"";"";"";"";"";"";"";""
"PA Matas AUTO POÇAS";"";"";"";"";"";"";"";"";"";"";"";""
"BASTOS & BASTOS COBUSTIVEIS LDA";"";"";"";"";"";"";"";"";"";"";"";""
"Intermarché de Soure (espadinha)";"";"";"";"";"";"";"";"";"";"";"";""
"Posto Energil";"";"";"";"";"";"";"";"";"";"";"";""
"E.S. MACEIRINHA";"";"";"";"";"";"";"";"";"";"";"";""
"Malhadauto- Combustiveis, Lda";"";"";"";"";"";"";"";"";"";"";"";""
"INTERMARCHÉ DE PONTE DE SOR";"";"";"";"";"";"";"";"";"";"";"";""
"ES-POCEIRAO";"";"";"";"";"";"";"";"";"";"";"";""
"BP - GUARDA CATRAIA";"";"";"";"";"";"";"";"";"";"";"";""
"Almerindo Fernando Silva, Lda.";"";"";"";"";"";"";"";"";"";"";"";""
"Posto da Portelada - ALMEIDA & PINHO";"";"";"";"";"";"";"";"";"";"";"";""
"E.S. OUREM  ";"";"";"";"";"";"";"";"";"";"";"";""
"PA Moeve Pontinha";"";"";"";"";"";"";"";"";"";"";"";""
"ALVES BANDEIRA Barqueiros";"";"";"";"";"";"";"";"";"";"";"";""
"PETRODEMO";"";"";"";"";"";"";"";"";"";"";"";""
"Posto de Abastecimento Ponte de Vagos";"";"";"";"";"";"";"";"";"";"";"";""
"Tuacar - Posto Vila Real";"";"";"";"";"";"";"";"";"";"";"";""
"PA Generico S. João da Ribeira";"";"";"";"";"";"";"";"";"";"";"";""
"Galp- Rua da Base Aérea n.º 365 (Monte Real) GUI Monte Real";"";"";"";"";"";"";"";"";"";"";"";""
"TFUEL - VILA NOVA DE S. BENTO";"";"";"";"";"";"";"";"";"";"";"";""
"BP Cova do Gato";"";"";"";"";"";"";"";"";"";"";"";""
"Boxoil";"";"";"";"";"";"";"";"";"";"";"";""
"AUCHAN Coimbra";"";"";"";"";"";"";"";"";"";"";"";""
"PETROCARAMULO Lda.";"";"";"";"";"";"";"";"";"";"";"";""
"Petro São Gonçalo";"";"";"";"";"";"";"";"";"";"";"";""
"Posto J Batista de Sandim";"";"";"";"";"";"";"";"";"";"";"";""
"CEPSA - CACHOPO";"";"";"";"";"";"";"";"";"";"";"";""
"PRIO Taveiro - Coimbra";"";"";"";"";"";"";"";"";"";"";"";""
"ENERGETICA  II - ILHAVO";"";"";"";"";"";"";"";"";"";"";"";""
"E.S. OUCA";"";"";"";"";"";"";"";"";"";"";"";""
"ALVES BANDEIRA Recarei";"";"";"";"";"";"";"";"";"";"";"";""
"TFGEST - MARTIM";"";"";"";"";"";"";"";"";"";"";"";""
"BP Ponte de Sôr";"";"";"";"";"";"";"";"";"";"";"";""
"AUCHAN Cascais";"";"";"";"";"";"";"";"";"";"";"";""
"PD VILA VERDE";"";"";"";"";"";"";"";"";"";"";"";""
"TFUEL - TORRÃO";"";"";"";"";"";"";"";"";"";"";"";""
"FERREIRA COMBUSTíVEIS";"";"";"";"";"";"";"";"";"";"";"";""
"Galp Amial";"";"";"";"";"";"";"";"";"";"";"";""
"BP Escariz";"";"";"";"";"";"";"";"";"";"";"";""
"Galp Maia Jardim";"";"";"";"";"";"";"";"";"";"";"";""
"AUCHAN Maia";"";"";"";"";"";"";"";"";"";"";"";""
"BP  NOGUEIRA LOUSADA";"";"";"";"";"";"";"";"";"";"";"";""
"INTERMARCHÉ DE AVEIRAS DE CIMA";"";"";"";"";"";"";"";"";"";"";"";""
"PONTO RURAL";"";"";"";"";"";"";"";"";"";"";"";""
"PD CARREGAL DO SAL";"";"";"";"";"";"";"";"";"";"";"";""
"AUCHAN Guimarães";"";"";"";"";"";"";"";"";"";"";"";""
"Gepoil | PAC Lavra";"";"";"";"";"";"";"";"";"";"";"";""
"Bp Belverde";"";"";"";"";"";"";"";"";"";"";"";""
"Manuel & José de Carvalho,Lda";"";"";"";"";"";"";"";"";"";"";"";""
"BP Caneças";"";"";"";"";"";"";"";"";"";"";"";""
"AUCHAN Torres Vedras";"";"";"";"";"";"";"";"";"";"";"";""
"E.S. S. PEDRO DO SUL -  OLIVEIRA";"";"";"";"";"";"";"";"";"";"";"";""
"E.S. STA COMBA DAO - CANCELA";"";"";"";"";"";"";"";"";"";"";"";""
"ES-AMEAL";"";"";"";"";"";"";"";"";"";"";"";""
"BP MANGUALDE REGADINHA";"";"";"";"";"";"";"";"";"";"";"";""
"ALMERINDO MANUEL DA SILVA SANTOS";"";"";"";"";"";"";"";"";"";"";"";""
"Soc.Automoveis Cruz de Cristo";"";"";"";"";"";"";"";"";"";"";"";""
"Batista & Sobreira, lda";"";"";"";"";"";"";"";"";"";"";"";""
"Petroiberica - Edmundo e Almeida Domingos, Lda";"";"";"";"";"";"";"";"";"";"";"";""
"C.A CONSTRUTORA DO ALVA";"";"";"";"";"";"";"";"";"";"";"";""
"PETROCERVA, LDA";"";"";"";"";"";"";"";"";"";"";"";""
"ALVES BANDEIRA Mercado Abastecedor Braga";"";"";"";"";"";"";"";"";"";"";"";""
"ALVES BANDEIRA Mercado Abastecedor Famalicão";"";"";"";"";"";"";"";"";"";"";"";""
"Palace Garage Campo Pequeno";"";"";"";"";"";"";"";"";"";"";"";""
"PD PORTO DE MÓS";"";"";"";"";"";"";"";"";"";"";"";""
"E.S. BIDOEIRA DE CIMA";"";"";"";"";"";"";"";"";"";"";"";""
"TFGest - Loureiro";"";"";"";"";"";"";"";"";"";"";"";""
"Intermarché - Marinha da Guia";"";"";"";"";"";"";"";"";"";"";"";""
"ALVES BANDEIRA Santa Catarina";"";"";"";"";"";"";"";"";"";"";"";""
"RECHEIO VILA REAL";"";"";"";"";"";"";"";"";"";"";"";""
"PD ARRIFANA";"";"";"";"";"";"";"";"";"";"";"";""
"Auto Combustiveis Santa Barbara, Lda.";"";"";"";"";"";"";"";"";"";"";"";""
"PRIO Braga - Fojo S";"";"";"";"";"";"";"";"";"";"";"";""
"GALP Boticas";"";"";"";"";"";"";"";"";"";"";"";""
"Intermarché Montalegre";"";"";"";"";"";"";"";"";"";"";"";""
"Santos da Cunha 6 - Logistica & Transportes, Lda";"";"";"";"";"";"";"";"";"";"";"";""
"Adília Pires & Gilberto Borges - Combustíveis, Lda.";"";"";"";"";"";"";"";"";"";"";"";""
"ALVES BANDEIRA Dois Portos";"";"";"";"";"";"";"";"";"";"";"";""
"BP Celorico da Beira";"";"";"";"";"";"";"";"";"";"";"";""
"INTERMARCHE CUMEIRA JUNCAL";"";"";"";"";"";"";"";"";"";"";"";""
"Q8  Mozelos";"";"";"";"";"";"";"";"";"";"";"";""
"ALVES BANDEIRA Ponderosa";"";"";"";"";"";"";"";"";"";"";"";""
"bp odivelas";"";"";"";"";"";"";"";"";"";"";"";""
"SODIMALVEIRA - SUPERMERCADOS, LDA";"";"";"";"";"";"";"";"";"";"";"";""
"Petrolagoinha Comércio de Combustíveis e Lubrificantes, Lda.";"";"";"";"";"";"";"";"";"";"";"";""
"Lisboa -Chelas";"";"";"";"";"";"";"";"";"";"";"";""
"PA - MOEVE Castanheira do Ribatejo";"";"";"";"";"";"";"";"";"";"";"";""
"Torres Vaz Lda";"";"";"";"";"";"";"";"";"";"";"";""
"PD GRIJÓ";"";"";"";"";"";"";"";"";"";"";"";""
"AUCHAN Canidelo";"";"";"";"";"";"";"";"";"";"";"";""
"GASPE Vilarandelo";"";"";"";"";"";"";"";"";"";"";"";""
"PRIO Porto - Zona Industrial";"";"";"";"";"";"";"";"";"";"";"";""
"AUCHAN Vila Real";"";"";"";"";"";"";"";"";"";"";"";""
"REDE ENERGIA - Barreiro";"";"";"";"";"";"";"";"";"";"";"";""
"Carlos Rufino Combustíveis, Lda.";"";"";"";"";"";"";"";"";"";"";"";""
"FREITAS - Priscos - Braga";"";"";"";"";"";"";"";"";"";"";"";""
"ALVES BANDEIRA Carregueira";"";"";"";"";"";"";"";"";"";"";"";""
"ALVES BANDEIRA Chafé";"";"";"";"";"";"";"";"";"";"";"";""
"AUCHAN Coina";"";"";"";"";"";"";"";"";"";"";"";""
"E.S. FRONTEIRA";"";"";"";"";"";"";"";"";"";"";"";""
"TF GEST GUALTAR_BRAGA";"";"";"";"";"";"";"";"";"";"";"";""
"PRIO Chaves - Fernando M. Portugal";"";"";"";"";"";"";"";"";"";"";"";""
"PD MONÇÃO";"";"";"";"";"";"";"";"";"";"";"";""
"PRIO Alverca";"";"";"";"";"";"";"";"";"";"";"";""
"E.S. PRAIA DAS MAÇÃS";"";"";"";"";"";"";"";"";"";"";"";""
"INTERMARCHE DE URGEZES";"";"";"";"";"";"";"";"";"";"";"";""
"INTERMARCHÉ CALDAS das TAIPAS";"";"";"";"";"";"";"";"";"";"";"";""
"DIGUIPNEUS, LDA - Cardosos";"";"";"";"";"";"";"";"";"";"";"";""
"INTERMARCHE AREOSA";"";"";"";"";"";"";"";"";"";"";"";""
"PRIO Gaia";"";"";"";"";"";"";"";"";"";"";"";""
"PD LOUSADA";"";"";"";"";"";"";"";"";"";"";"";""
"Intermarché de Ferreiras";"";"";"";"";"";"";"";"";"";"";"";""
"CFSJMGE-CRL_SEDE1";"";"";"";"";"";"";"";"";"";"";"";""
"INTERMARCHÉ VALONGO";"";"";"";"";"";"";"";"";"";"";"";""
"E.S. S. PEDRO DA CADEIRA";"";"";"";"";"";"";"";"";"";"";"";""
"PD FAFE";"";"";"";"";"";"";"";"";"";"";"";""
"PA PETROSÁTÃO";"";"";"";"";"";"";"";"";"";"";"";""
"PD ESTREMOZ";"";"";"";"";"";"";"";"";"";"";"";""
"Posto de Foros de Vale Figueira";"";"";"";"";"";"";"";"";"";"";"";""
"GESTROIL ENERGY - Boleiros";"";"";"";"";"";"";"";"";"";"";"";""
"AUCHAN Lagoa";"";"";"";"";"";"";"";"";"";"";"";""
"REPSOL Algés";"";"";"";"";"";"";"";"";"";"";"";""
"AUCHAN Portimão";"";"";"";"";"";"";"";"";"";"";"";""
"BP GUARDA SÃO MIGUEL";"";"";"";"";"";"";"";"";"";"";"";""
"Intermarche de Vila Viçosa";"";"";"";"";"";"";"";"";"";"";"";""
"Intermarché Setúbal";"";"";"";"";"";"";"";"";"";"";"";""
"Barreirinho - Abraveses";"";"";"";"";"";"";"";"";"";"";"";""
"CEPSA SANFINS DO DOURO";"";"";"";"";"";"";"";"";"";"";"";""
"PA Ladoeiro";"";"";"";"";"";"";"";"";"";"";"";""
"Zebreira";"";"";"";"";"";"";"";"";"";"";"";""
"PA Proença-a-Nova";"";"";"";"";"";"";"";"";"";"";"";""
"ALVES BANDEIRA Óbidos";"";"";"";"";"";"";"";"";"";"";"";""
"Intermache Santa Comba Dão";"";"";"";"";"";"";"";"";"";"";"";""
"Sodimagos - Supermercados, Lda";"";"";"";"";"";"";"";"";"";"";"";""
"Anta - Espinho ""TOTAL""";"";"";"";"";"";"";"";"";"";"";"";""
"BP Rio Maior Centro";"";"";"";"";"";"";"";"";"";"";"";""
"INTERMARCHÉ SANTA IRIA DA AZÓIA ";"";"";"";"";"";"";"";"";"";"";"";""
"TF GEST - JOVIM";"";"";"";"";"";"";"";"";"";"";"";""
"PD PESO DA RÉGUA";"";"";"";"";"";"";"";"";"";"";"";""
"Intermarche Mirandela";"";"";"";"";"";"";"";"";"";"";"";""
"P34 - SHELL Cartaxo";"";"";"";"";"";"";"";"";"";"";"";""
"AUCHAN Famalicão";"";"";"";"";"";"";"";"";"";"";"";""
"SHEL Gião (Rochio)";"";"";"";"";"";"";"";"";"";"";"";""
"PD MANGUALDE";"";"";"";"";"";"";"";"";"";"";"";""
"PA São Mamede (Carbuiberia P13)";"";"";"";"";"";"";"";"";"";"";"";""
"TFUEL - MOURA";"";"";"";"";"";"";"";"";"";"";"";""
"TFUEL - MELIDES";"";"";"";"";"";"";"";"";"";"";"";""
"PD ESTARREJA";"";"";"";"";"";"";"";"";"";"";"";""
"GASPE Mogadouro";"";"";"";"";"";"";"";"";"";"";"";""
"PD CORUCHE";"";"";"";"";"";"";"";"";"";"";"";""
"Intermarché Oliveira Azeméis";"";"";"";"";"";"";"";"";"";"";"";""
"PD MOITA";"";"";"";"";"";"";"";"";"";"";"";""
"PD LOUROSA TRAVANCA";"";"";"";"";"";"";"";"";"";"";"";""
"AGL Energias Renováveis, Lda - REDE ENERGIA Idanha a Nova";"";"";"";"";"";"";"";"";"";"";"";""
"PRIO Ourém";"";"";"";"";"";"";"";"";"";"";"";""
"PRIO Óbidos";"";"";"";"";"";"";"";"";"";"";"";""
"CFSJMGE- CRL_GRIJO1";"";"";"";"";"";"";"";"";"";"";"";""
"Intermarché Vila das Aves";"";"";"";"";"";"";"";"";"";"";"";""
"ALVES BANDEIRA Barrosas";"";"";"";"";"";"";"";"";"";"";"";""
"PRIO Alhais (Combsantos)";"";"";"";"";"";"";"";"";"";"";"";""
"PRIO Canelas";"";"";"";"";"";"";"";"";"";"";"";""
"PRIO  Grândola";"";"";"";"";"";"";"";"";"";"";"";""
"PRIO  Amares";"";"";"";"";"";"";"";"";"";"";"";""
"VILA NOVA DE PAIVA";"";"";"";"";"";"";"";"";"";"";"";""
"ABRUNHEIRA (ALB/SIN)";"";"";"";"";"";"";"";"";"";"";"";""
"A33 LANÇADA (MOITA/MONTIJO)";"";"";"";"";"";"";"";"";"";"";"";""
"A33 LANÇADA (MONTIJO/MOITA)";"";"";"";"";"";"";"";"";"";"";"";""
"ALVES BANDEIRA Vilela";"";"";"";"";"";"";"";"";"";"";"";""
"Posto de Abastecimento Alcáçovas";"";"";"";"";"";"";"";"";"";"";"";""
"ALVES BANDEIRA Esporão";"";"";"";"";"";"";"";"";"";"";"";""
"Nova Paredes - Duas Igrejas";"";"";"";"";"";"";"";"";"";"";"";""
"OURO NEGRO - Azambuja - Sul";"";"";"";"";"";"";"";"";"";"";"";""
"PRIO Entroncamento";"";"";"";"";"";"";"";"";"";"";"";""
"OURO NEGRO - Azambuja_Norte";"";"";"";"";"";"";"";"";"";"";"";""
"TF GEST - LOUSADA";"";"";"";"";"";"";"";"";"";"";"";""
"PD LEIRIA MARRAZES";"";"";"";"";"";"";"";"";"";"";"";""
"Intermarche de Ílhavo";"";"";"";"";"";"";"";"";"";"";"";""
"P.A. COOPVAL";"";"";"";"";"";"";"";"";"";"";"";""
"PD TROFA SÃO TIAGO";"";"";"";"";"";"";"";"";"";"";"";""
"PRIO Trajouce";"";"";"";"";"";"";"";"";"";"";"";""
"PETROINSUA";"";"";"";"";"";"";"";"";"";"";"";""
"AUCHAN Faro";"";"";"";"";"";"";"";"";"";"";"";""
"E.S. S. BRAS DE ALPORTEL";"";"";"";"";"";"";"";"";"";"";"";""
"Combustiveis William Dias, Ldª";"";"";"";"";"";"";"";"";"";"";"";""
"Intermarché Vila Flor";"";"";"";"";"";"";"";"";"";"";"";""
"PRIO  Faro";"";"";"";"";"";"";"";"";"";"";"";""
"MoitaSul";"";"";"";"";"";"";"";"";"";"";"";""
"Intermarché da Sertã";"";"";"";"";"";"";"";"";"";"";"";""
"Agrizone";"";"";"";"";"";"";"";"";"";"";"";""
"GASNUNOS,LDA";"";"";"";"";"";"";"";"";"";"";"";""
"TFUEL - CASA BRANCA";"";"";"";"";"";"";"";"";"";"";"";""
"Tanque Xeio Combustíveis ";"";"";"";"";"";"";"";"";"";"";"";""
"COPREL";"";"";"";"";"";"";"";"";"";"";"";""
"PORTO - SÃO DINIS";"";"";"";"";"";"";"";"";"";"";"";""
"Carcouto Combustiveis Lda / FREITAS Oliveira do Douro - Cinfães";"";"";"";"";"";"";"";"";"";"";"";""
"Intermarché de Mira";"";"";"";"";"";"";"";"";"";"";"";""
"TFGEST ANTAS";"";"";"";"";"";"";"";"";"";"";"";""
"ABRUNHEIRA (SIN/ALB)";"";"";"";"";"";"";"";"";"";"";"";""
"Marcelima-Energy,Lda";"";"";"";"";"";"";"";"";"";"";"";""
"Transforpel Combustíveis Calços Martingança";"";"";"";"";"";"";"";"";"";"";"";""
"Lusiadagás";"";"";"";"";"";"";"";"";"";"";"";""
"DISTRILAVOS - PA Intermarché Lavos";"";"";"";"";"";"";"";"";"";"";"";""
"PRIO  Portalegre";"";"";"";"";"";"";"";"";"";"";"";""
"PA INTERMARCHE ODEMIRA";"";"";"";"";"";"";"";"";"";"";"";""
"INTERMARCHÉ REDONDO";"";"";"";"";"";"";"";"";"";"";"";""
"PA Fazendas de Almeirim (Carbuiberia)";"";"";"";"";"";"";"";"";"";"";"";""
"JBR Viana do Castelo ( Av. Camões) - Pronto";"";"";"";"";"";"";"";"";"";"";"";""
"PRIO  Damaia";"";"";"";"";"";"";"";"";"";"";"";""
"INTERMARCHE DE ARRIFANA";"";"";"";"";"";"";"";"";"";"";"";""
"ALVES BANDEIRA Ribeirão";"";"";"";"";"";"";"";"";"";"";"";""
"ALVES BANDEIRA Mealhada";"";"";"";"";"";"";"";"";"";"";"";""
"ALVES BANDEIRA Semide";"";"";"";"";"";"";"";"";"";"";"";""
"ALVES BANDEIRA Landim";"";"";"";"";"";"";"";"";"";"";"";""
"ALVES BANDEIRA Torno";"";"";"";"";"";"";"";"";"";"";"";""
"PD SESIMBRA CARRASQUEIRA";"";"";"";"";"";"";"";"";"";"";"";""
"BARREIRENSE";"";"";"";"";"";"";"";"";"";"";"";""
"POSTO DA RAIVA";"";"";"";"";"";"";"";"";"";"";"";""
"BP MEIXOMIL";"";"";"";"";"";"";"";"";"";"";"";""
"Intermarche do Montijo";"";"";"";"";"";"";"";"";"";"";"";""
"Intermarché de Massamá";"";"";"";"";"";"";"";"";"";"";"";""
"PD QUINTA DO CONDE";"";"";"";"";"";"";"";"";"";"";"";""
"ALVES BANDEIRA Cortiçô da Serra (Celorico da Beira)";"";"";"";"";"";"";"";"";"";"";"";""
"IRMAOS GOUVEIA- COMBUSTIVEIS LDA";"";"";"";"";"";"";"";"";"";"";"";""
"E.S. MONTALVO";"";"";"";"";"";"";"";"";"";"";"";""
"RECHEIO TAVIRA";"";"";"";"";"";"";"";"";"";"";"";""
"P08 - SHELL Amarante";"";"";"";"";"";"";"";"";"";"";"";""
"PD CARTAXO";"";"";"";"";"";"";"";"";"";"";"";""
"Monte Barbo";"";"";"";"";"";"";"";"";"";"";"";""
"ALVES BANDEIRA Avelar";"";"";"";"";"";"";"";"";"";"";"";""
"VALADA";"";"";"";"";"";"";"";"";"";"";"";""
"RECHEIO VILA FRANCA";"";"";"";"";"";"";"";"";"";"";"";""
"AUCHAN Eiras";"";"";"";"";"";"";"";"";"";"";"";""
"RE - BRAGA";"";"";"";"";"";"";"";"";"";"";"";""
"GALP Viseu - Fragosela";"";"";"";"";"";"";"";"";"";"";"";""
"BP CIRCUNVALAÇÃO";"";"";"";"";"";"";"";"";"";"";"";""
"PA Ribeira Fárrio";"";"";"";"";"";"";"";"";"";"";"";""
"PD AMARANTE";"";"";"";"";"";"";"";"";"";"";"";""
"PD CASTELO BRANCO CC FORUM";"";"";"";"";"";"";"";"";"";"";"";""
"Coopaguirense ";"";"";"";"";"";"";"";"";"";"";"";""
"ALVES BANDEIRA Foros de Salvaterra";"";"";"";"";"";"";"";"";"";"";"";""
"Prio - Sto. António dos Cavaleiros";"";"";"";"";"";"";"";"";"";"";"";""
"COMBSANTOS CHÃS DE TAVARES";"";"";"";"";"";"";"";"";"";"";"";""
"Intermarché da Moita";"";"";"";"";"";"";"";"";"";"";"";""
"GALP Mozelos - Franclim Prata";"";"";"";"";"";"";"";"";"";"";"";""
"E.S. ESPOSENDE";"";"";"";"";"";"";"";"";"";"";"";""
"PETROFLOR,SA - CENTRO";"";"";"";"";"";"";"";"";"";"";"";""
"AUCHAN Figueira da Foz";"";"";"";"";"";"";"";"";"";"";"";""
"PD RIO MAIOR TAIPAS";"";"";"";"";"";"";"";"";"";"";"";""
"Hélder & Céu Oliveira, Lda - PA Lorvão";"";"";"";"";"";"";"";"";"";"";"";""
"Distrijovim - Supermercados Lda - PA Intermarché Jovim";"";"";"";"";"";"";"";"";"";"";"";""
"PRIO  Famões";"";"";"";"";"";"";"";"";"";"";"";""
"PA CEPSA CARRAZEDA DE ANSIÃES";"";"";"";"";"";"";"";"";"";"";"";""
"INTERMARCHE-BENAVENTE";"";"";"";"";"";"";"";"";"";"";"";""
"AB Louriçal ";"";"";"";"";"";"";"";"";"";"";"";""
"ALVES BANDEIRA Muro";"";"";"";"";"";"";"";"";"";"";"";""
"PA Sabacheira  (Vale dos Ovos)";"";"";"";"";"";"";"";"";"";"";"";""
"PA Fervença (Carbuiberia P19)";"";"";"";"";"";"";"";"";"";"";"";""
"E.S. VILARINHO DE SAMARDÃ";"";"";"";"";"";"";"";"";"";"";"";""
"E.S. SOBROSA-PAREDES";"";"";"";"";"";"";"";"";"";"";"";""
"RECHEIO PORTIMÃO";"";"";"";"";"";"";"";"";"";"";"";""
"Posto Abastecimento BP Prior Velho";"";"";"";"";"";"";"";"";"";"";"";""
"MOEVE FORNOS DE ALGODRES";"";"";"";"";"";"";"";"";"";"";"";""
"Petroeuropa";"";"";"";"";"";"";"";"";"";"";"";""
"Intermarché de Lagos";"";"";"";"";"";"";"";"";"";"";"";""
"PRIO Fernão Ferro";"";"";"";"";"";"";"";"";"";"";"";""
"INTERMARCHE TORRES NOVAS";"";"";"";"";"";"";"";"";"";"";"";""
"Intermarché de Sagres";"";"";"";"";"";"";"";"";"";"";"";""
"Petromendes, Lda. - Santiago de Litém";"";"";"";"";"";"";"";"";"";"";"";""
"PD OLIVEIRA DO BAIRRO";"";"";"";"";"";"";"";"";"";"";"";""
"VIBA GÁS, LDA";"";"";"";"";"";"";"";"";"";"";"";""
"Casimiro ";"";"";"";"";"";"";"";"";"";"";"";""
"E.S. ABORIM";"";"";"";"";"";"";"";"";"";"";"";""
"ECOBRENT Modivas (Vila do Conde)";"";"";"";"";"";"";"";"";"";"";"";""
"E.S. LAMEGO II";"";"";"";"";"";"";"";"";"";"";"";""
"PRIO Viseu";"";"";"";"";"";"";"";"";"";"";"";""
"Somelgas-Sociedade de Electrodomesticos Gas e Energias, Lda";"";"";"";"";"";"";"";"";"";"";"";""
"E.S. LANÇO GRANDE";"";"";"";"";"";"";"";"";"";"";"";""
"PRIO  Guimarães";"";"";"";"";"";"";"";"";"";"";"";""
"Intermarché Porto de Mós";"";"";"";"";"";"";"";"";"";"";"";""
"MOEVE OLIVEIRA DE BARREIROS";"";"";"";"";"";"";"";"";"";"";"";""
"P04 - SHELL Chaves II - Seara";"";"";"";"";"";"";"";"";"";"";"";""
"PRIO  Arroja";"";"";"";"";"";"";"";"";"";"";"";""
"POSTO DA CIDREIRA";"";"";"";"";"";"";"";"";"";"";"";""
"PA Cebolais de  Cima ";"";"";"";"";"";"";"";"";"";"";"";""
"REPSOL Escarigo";"";"";"";"";"";"";"";"";"";"";"";""
"AUCHAN Santo Tirso";"";"";"";"";"";"";"";"";"";"";"";""
"CEPSA CABEÇA SANTA";"";"";"";"";"";"";"";"";"";"";"";""
"Petrovariante-CFM energy- Vila Nova de Gaia";"";"";"";"";"";"";"";"";"";"";"";""
"COMBSANTOS SARZEDA P19";"";"";"";"";"";"";"";"";"";"";"";""
"Adega Cooperativa de Azueira, CRL";"";"";"";"";"";"";"";"";"";"";"";""
"POSTO ABASTECIMENTO LEAL-GALP BALTAR";"";"";"";"";"";"";"";"";"";"";"";""
"Ferreira, Silva e Espirito Lda";"";"";"";"";"";"";"";"";"";"";"";""
"PARTÍCULA SORRIDENTE, LDA";"";"";"";"";"";"";"";"";"";"";"";""
"POLISVARIANTE";"";"";"";"";"";"";"";"";"";"";"";""
"INTERCALENDARIO,SUPERMERCADOS LDA";"";"";"";"";"";"";"";"";"";"";"";""
"PA Ourém - Casal do Ribeiro (Carbuiberia P29)";"";"";"";"";"";"";"";"";"";"";"";""
"Nova Fradelos VNF";"";"";"";"";"";"";"";"";"";"";"";""
"PRIO Castanheira do  Ribatejo";"";"";"";"";"";"";"";"";"";"";"";""
"GASPE - Fajões";"";"";"";"";"";"";"";"";"";"";"";""
"J.M.Céu ,lda";"";"";"";"";"";"";"";"";"";"";"";""
"Posto GNV Dourogás - Carregado";"";"";"";"";"";"";"";"";"";"";"";""
"Posto GNV Dourogás - Santo António dos Cavaleiros";"";"";"";"";"";"";"";"";"";"";"";""
"Intermarche Vila Nova Barquinha";"";"";"";"";"";"";"";"";"";"";"";""
"INTERMARCHÉ VILA NOVA DA TELHA";"";"";"";"";"";"";"";"";"";"";"";""
"BP ALMANCIL";"";"";"";"";"";"";"";"";"";"";"";""
"Intermarché de Albergaria-a-velha";"";"";"";"";"";"";"";"";"";"";"";""
"BP Ferreira - Variante";"";"";"";"";"";"";"";"";"";"";"";""
"Intermarché";"";"";"";"";"";"";"";"";"";"";"";""
"E.S. LOURINHA II";"";"";"";"";"";"";"";"";"";"";"";""
"BP MINDELO";"";"";"";"";"";"";"";"";"";"";"";""
"PETROVAZ - ARRIFANA";"";"";"";"";"";"";"";"";"";"";"";""
"AUCHAN Sintra";"";"";"";"";"";"";"";"";"";"";"";""
"Posto GNV Dourogás - Gaia Sul Picoto";"";"";"";"";"";"";"";"";"";"";"";""
"BP Falfosa";"";"";"";"";"";"";"";"";"";"";"";""
"INTERMARCHÉ CARVALHOS";"";"";"";"";"";"";"";"";"";"";"";""
"PRIO Benavente (Nascente) ";"";"";"";"";"";"";"";"";"";"";"";""
"INTERMARCHÉ MEALHADA";"";"";"";"";"";"";"";"";"";"";"";""
"Prova de Poder - Comércio de Combustíveis Lda";"";"";"";"";"";"";"";"";"";"";"";""
"Seabra ";"";"";"";"";"";"";"";"";"";"";"";""
"BP VISEU ABRAVESES";"";"";"";"";"";"";"";"";"";"";"";""
"A4 - Vila Real Norte (Lamares)";"";"";"";"";"";"";"";"";"";"";"";""
"A4 - Vila Real Sul (Lamares)";"";"";"";"";"";"";"";"";"";"";"";""
"PA Raposa";"";"";"";"";"";"";"";"";"";"";"";""
"PA Reguengos de Monsaraz";"";"";"";"";"";"";"";"";"";"";"";""
"Posto Benavente";"";"";"";"";"";"";"";"";"";"";"";""
"Posto de Abastecimento de Trinta";"";"";"";"";"";"";"";"";"";"";"";""
"AB Rebordosa (Bombolite)";"";"";"";"";"";"";"";"";"";"";"";""
"Petrofregim Espinheiro";"";"";"";"";"";"";"";"";"";"";"";""
"E.S. CANAS DE SENHORIM";"";"";"";"";"";"";"";"";"";"";"";""
"Comércio Combustíveis Rosinha, Unipessoal, Lda.";"";"";"";"";"";"";"";"";"";"";"";""
"ENERGY FIÃES Z.I.";"";"";"";"";"";"";"";"";"";"";"";""
"Posto GNV Dourogás - Mirandela";"";"";"";"";"";"";"";"";"";"";"";""
"Intermarché Alpendorada";"";"";"";"";"";"";"";"";"";"";"";""
"José da Silva Duarte";"";"";"";"";"";"";"";"";"";"";"";""
"Cepsa Povoa Santarém";"";"";"";"";"";"";"";"";"";"";"";""
"POSTO TERRINCHA";"";"";"";"";"";"";"";"";"";"";"";""
"PA DE BAGUNTE - AGRIVIL - COOPERATIVA AGRÍCOLA DE VILA DO CONDE";"";"";"";"";"";"";"";"";"";"";"";""
"E.S. BEJA II";"";"";"";"";"";"";"";"";"";"";"";""
"BP - S. Bartolomeu de Messines (Sentido Norte/Sul) 1090";"";"";"";"";"";"";"";"";"";"";"";""
"INTERMARCHE - MOSQUETEIROS";"";"";"";"";"";"";"";"";"";"";"";""
"Tuacar - Posto Alijo";"";"";"";"";"";"";"";"";"";"";"";""
"INTERMARCHE CANELAS";"";"";"";"";"";"";"";"";"";"";"";""
"Nautigas, CIAN, Lda - PA GPL Auto";"";"";"";"";"";"";"";"";"";"";"";""
"BP Bragança (Petrograndais)";"";"";"";"";"";"";"";"";"";"";"";""
"AUCHAN Amadora (UBBO)";"";"";"";"";"";"";"";"";"";"";"";""
"BP Ourém";"";"";"";"";"";"";"";"";"";"";"";""
"js e sf";"";"";"";"";"";"";"";"";"";"";"";""
"Intermarché São Miguel de Paredes";"";"";"";"";"";"";"";"";"";"";"";""
"INTERMARCHÉ CARTAXO";"";"";"";"";"";"";"";"";"";"";"";""
"Posto  BP Bela Vista";"";"";"";"";"";"";"";"";"";"";"";""
"BP PORTO ALTO - NASCENTE";"";"";"";"";"";"";"";"";"";"";"";""
"BP PORTO ALTO - POENTE";"";"";"";"";"";"";"";"";"";"";"";""
"MERKANTE COMBUSTÍVEIS";"";"";"";"";"";"";"";"";"";"";"";""
"Empolgante Motriz";"";"";"";"";"";"";"";"";"";"";"";""
"Auto-Lá, Lda";"";"";"";"";"";"";"";"";"";"";"";""
"Intermarché São Bartolomeu de Messines";"";"";"";"";"";"";"";"";"";"";"";""
"PRIO FIGUEIRO DOS VINHOS";"";"";"";"";"";"";"";"";"";"";"";""
"E.S. CARIA";"";"";"";"";"";"";"";"";"";"";"";""
"CAMPOS DO ROXO, LDA";"";"";"";"";"";"";"";"";"";"";"";""
"Prio Valadares";"";"";"";"";"";"";"";"";"";"";"";""
"INTERMARCHÉ ERMESINDE";"";"";"";"";"";"";"";"";"";"";"";""
"POSTO DE ABASTECIMENTO INTERMARCHE DE VILA REAL";"";"";"";"";"";"";"";"";"";"";"";""
"IG Combustíveis - PRIO Nelas";"";"";"";"";"";"";"";"";"";"";"";""
"BP Lourel Este";"";"";"";"";"";"";"";"";"";"";"";""
"BP Lourel Oeste";"";"";"";"";"";"";"";"";"";"";"";""
"ALVES BANDEIRA Turquel";"";"";"";"";"";"";"";"";"";"";"";""
"Posto GNV Dourogás - Elvas, Caia";"";"";"";"";"";"";"";"";"";"";"";""
"Prio - Charneca da Caparica";"";"";"";"";"";"";"";"";"";"";"";""
"PRIO SÃO BERNARDO";"";"";"";"";"";"";"";"";"";"";"";""
"Vendavall - Comércio, Lda.";"";"";"";"";"";"";"";"";"";"";"";""
"Cooperativa Agricola de Palaçoulo CRL";"";"";"";"";"";"";"";"";"";"";"";""
"PRIO A16 - SINTRA (nascente)";"";"";"";"";"";"";"";"";"";"";"";""
"PRIO A16 - Sintra - Ranholas (poente)";"";"";"";"";"";"";"";"";"";"";"";""
"Intermarché Vialonga";"";"";"";"";"";"";"";"";"";"";"";""
"Cooperativa de Vila Nova do Ceira";"";"";"";"";"";"";"";"";"";"";"";""
"VALDEMAR MORAIS DE MELO";"";"";"";"";"";"";"";"";"";"";"";""
"BP Flamenga";"";"";"";"";"";"";"";"";"";"";"";""
"Intermarché Santa Clara";"";"";"";"";"";"";"";"";"";"";"";""
"INTERMARCHE CANEDO";"";"";"";"";"";"";"";"";"";"";"";""
"ARCOS DE VALDEVEZ INTERMARCHE";"";"";"";"";"";"";"";"";"";"";"";""
"ES Monte Belo ";"";"";"";"";"";"";"";"";"";"";"";""
"INTERMARCHÉ Ericeira";"";"";"";"";"";"";"";"";"";"";"";""
"INTERMARCHÉ ALPIARÇA";"";"";"";"";"";"";"";"";"";"";"";""
"BP - GUARDA VARIANTE";"";"";"";"";"";"";"";"";"";"";"";""
"Área de Serviço Repsol Almada A33";"";"";"";"";"";"";"";"";"";"";"";""
"Intermarché Castelo de Paiva";"";"";"";"";"";"";"";"";"";"";"";""
"BXPRESS ALBERGARIA";"";"";"";"";"";"";"";"";"";"";"";""
"RE - GUIA (Pombal)";"";"";"";"";"";"";"";"";"";"";"";""
"Febres_cantanhede";"";"";"";"";"";"";"";"";"";"";"";""
"PRIO Alta de Lisboa";"";"";"";"";"";"";"";"";"";"";"";""
"INTERMARCHE MONDIM DE BASTO";"";"";"";"";"";"";"";"";"";"";"";""
"BP Perafita A28";"";"";"";"";"";"";"";"";"";"";"";""
"E.S. GOUVEIA";"";"";"";"";"";"";"";"";"";"";"";""
"R  STAR ENERGY , S.A.";"";"";"";"";"";"";"";"";"";"";"";""
"PRIO Matosinhos";"";"";"";"";"";"";"";"";"";"";"";""
"PRIO Vialonga";"";"";"";"";"";"";"";"";"";"";"";""
"CEPSA PENELA";"";"";"";"";"";"";"";"";"";"";"";""
"Intermarché de Marinhais ";"";"";"";"";"";"";"";"";"";"";"";""
"PA Mendiga (Carbuiberia P26)";"";"";"";"";"";"";"";"";"";"";"";""
"INTERMARCHÉ Vila do Prado";"";"";"";"";"";"";"";"";"";"";"";""
"INTERMARCHÉ DE AZAMBUJA";"";"";"";"";"";"";"";"";"";"";"";""
"E.S.PORTALEGRE ZI";"";"";"";"";"";"";"";"";"";"";"";""
"BP MARINHAIS";"";"";"";"";"";"";"";"";"";"";"";""
"BP ALMANCIL-PEREIRAS";"";"";"";"";"";"";"";"";"";"";"";""
"E.S. CRUZ DO CAMPO";"";"";"";"";"";"";"";"";"";"";"";""
"troviEnergy";"";"";"";"";"";"";"";"";"";"";"";""
"AUCHAN Évora";"";"";"";"";"";"";"";"";"";"";"";""
"ALVES BANDEIRA Alqueva";"";"";"";"";"";"";"";"";"";"";"";""
"INTERMARCHÉ DE MONCHIQUE";"";"";"";"";"";"";"";"";"";"";"";""
"BP SINTRA MIRADOURO";"";"";"";"";"";"";"";"";"";"";"";""
"ALVES BANDEIRA Leiria";"";"";"";"";"";"";"";"";"";"";"";""
"INTERMARCHE PESO DA REGUA";"";"";"";"";"";"";"";"";"";"";"";""
"ECOBRENT GUIA";"";"";"";"";"";"";"";"";"";"";"";""
"ALVES BANDEIRA Penacova";"";"";"";"";"";"";"";"";"";"";"";""
"Cepsa Oliveira do Bairro";"";"";"";"";"";"";"";"";"";"";"";""
"NOVAIS ";"";"";"";"";"";"";"";"";"";"";"";""
"Bombas Cooperativa Agricola dos Lavradores do Vale do Mondego, CRL";"";"";"";"";"";"";"";"";"";"";"";""
"PETRO VALE DA TEJA ";"";"";"";"";"";"";"";"";"";"";"";""
"NOVA Oiã";"";"";"";"";"";"";"";"";"";"";"";""
"BP MAFRA CIRCULAR";"";"";"";"";"";"";"";"";"";"";"";""
"INTERMARCHÉ Moura";"";"";"";"";"";"";"";"";"";"";"";""
"galp baiao";"";"";"";"";"";"";"";"";"";"";"";""
"BP Penha Garcia";"";"";"";"";"";"";"";"";"";"";"";""
"Bombas Maxi-Tem";"";"";"";"";"";"";"";"";"";"";"";""
"INTERMARCHE FIGUEIRA DA FOZ";"";"";"";"";"";"";"";"";"";"";"";""
"MAXI COMPRA - PRIO GLÓRIA DO RIBATEJO";"";"";"";"";"";"";"";"";"";"";"";""
"ALVES BANDEIRA Santa Cruz do Bispo";"";"";"";"";"";"";"";"";"";"";"";""
"BP MARMELETE";"";"";"";"";"";"";"";"";"";"";"";""
"Posto Gaviãozinho";"";"";"";"";"";"";"";"";"";"";"";""
"INTERMARCHÉ CHARNECA/SOBREDA";"";"";"";"";"";"";"";"";"";"";"";""
"Prio - Corroios";"";"";"";"";"";"";"";"";"";"";"";""
"PRIO A25 Aveiro - Praias";"";"";"";"";"";"";"";"";"";"";"";""
"PRIO A25 Praias - Aveiro";"";"";"";"";"";"";"";"";"";"";"";""
"TFUEL - VIDIGUEIRA";"";"";"";"";"";"";"";"";"";"";"";""
"Bp Portalegre";"";"";"";"";"";"";"";"";"";"";"";""
"TFUEL - CORTIÇADAS DE LAVRE";"";"";"";"";"";"";"";"";"";"";"";""
"Galp Sernancelhe ";"";"";"";"";"";"";"";"";"";"";"";""
"Bxpress Braga";"";"";"";"";"";"";"";"";"";"";"";""
"Cooperativa Agrícola de Montemor-o-Velho CRL";"";"";"";"";"";"";"";"";"";"";"";""
"MOEVE Venda de Alcaide (XPlus)";"";"";"";"";"";"";"";"";"";"";"";""
"BP Sintra - Linhó";"";"";"";"";"";"";"";"";"";"";"";""
"PA BP Espinho";"";"";"";"";"";"";"";"";"";"";"";""
"Circunstancia Azul - Prio Assentiz";"";"";"";"";"";"";"";"";"";"";"";""
"JBR Av. Fragata Braga - Pronto";"";"";"";"";"";"";"";"";"";"";"";""
"INTERMARCHE LORDELO";"";"";"";"";"";"";"";"";"";"";"";""
"Galp Touça";"";"";"";"";"";"";"";"";"";"";"";""
"BP S. MAMEDE INFESTA";"";"";"";"";"";"";"";"";"";"";"";""
"Posto de Abastecimento CEPSA - Beja";"";"";"";"";"";"";"";"";"";"";"";""
"PRIO Castanheira Truck ";"";"";"";"";"";"";"";"";"";"";"";""
"BP Sabrosa - Zona Industrial (Paços)";"";"";"";"";"";"";"";"";"";"";"";""
"REPSOL Torres Novas NÓ A1/A23 ";"";"";"";"";"";"";"";"";"";"";"";""
"AUCHAN Setúbal (Alegro)";"";"";"";"";"";"";"";"";"";"";"";""
"P. Comb.- Venda da Gaita";"";"";"";"";"";"";"";"";"";"";"";""
"BP BARRACÃO NASCENTE";"";"";"";"";"";"";"";"";"";"";"";""
"BP BARRACÃO POENTE";"";"";"";"";"";"";"";"";"";"";"";""
"ANICETO DE OLIVEIRA GUERRA, HERDEIROS, LDA";"";"";"";"";"";"";"";"";"";"";"";""
"CB de Castro Verde";"";"";"";"";"";"";"";"";"";"";"";""
"PRIO Ferreira do Alentejo - EN 259 (Norte)";"";"";"";"";"";"";"";"";"";"";"";""
"PRIO Ferreira do Alentejo - EN 259 (Sul)";"";"";"";"";"";"";"";"";"";"";"";""
"BP VILA CORTÊS DA SERRA";"";"";"";"";"";"";"";"";"";"";"";""
"RE - CARVIDE";"";"";"";"";"";"";"";"";"";"";"";""
"PA Almeida-Azinhal ";"";"";"";"";"";"";"";"";"";"";"";""
"INTERMARCHE GAFANHA DA NAZARE";"";"";"";"";"";"";"";"";"";"";"";""
"INTERMARCHE DE TOMAR";"";"";"";"";"";"";"";"";"";"";"";""
"E.S. POLVOREIRA A";"";"";"";"";"";"";"";"";"";"";"";""
"E.S. POLVOREIRA B";"";"";"";"";"";"";"";"";"";"";"";""
"BP - Avis";"";"";"";"";"";"";"";"";"";"";"";""
"E.S. ALGERUZ";"";"";"";"";"";"";"";"";"";"";"";""
"Petrofregim Lixa";"";"";"";"";"";"";"";"";"";"";"";""
"Intermarché Fajões";"";"";"";"";"";"";"";"";"";"";"";""
"PA Nisa";"";"";"";"";"";"";"";"";"";"";"";""
"PRIO Palhais";"";"";"";"";"";"";"";"";"";"";"";""
"PA INPAR VILA REAL";"";"";"";"";"";"";"";"";"";"";"";""
"BP Carnide - Redinha";"";"";"";"";"";"";"";"";"";"";"";""
"Prio - S. João da talha";"";"";"";"";"";"";"";"";"";"";"";""
"BP Tomar (Gorduchas)";"";"";"";"";"";"";"";"";"";"";"";""
"PRIO Verdemilho";"";"";"";"";"";"";"";"";"";"";"";""
"INTERMARCHÉ-Superproença-Supermercados,lda";"";"";"";"";"";"";"";"";"";"";"";""
"Intermarché Arganil";"";"";"";"";"";"";"";"";"";"";"";""
"PRIO Alvide";"";"";"";"";"";"";"";"";"";"";"";""
"BP Entroncamento (N.ª Sra. de Fátima) ";"";"";"";"";"";"";"";"";"";"";"";""
"POSTO COOPERATIVA - VENCEREI";"";"";"";"";"";"";"";"";"";"";"";""
"BP CHÃO DA FEIRA";"";"";"";"";"";"";"";"";"";"";"";""
"Cooperativa Agrícola Sobral Monte Agraço Posto Merceana";"";"";"";"";"";"";"";"";"";"";"";""
"P23 - PRIO Samaiões ";"";"";"";"";"";"";"";"";"";"";"";""
"ES VIMEIRO";"";"";"";"";"";"";"";"";"";"";"";""
"Alves Bandeira - Frutas Russo";"";"";"";"";"";"";"";"";"";"";"";""
"BP- JM - Algoz";"";"";"";"";"";"";"";"";"";"";"";""
"Intersacavem Supermercados Lda";"";"";"";"";"";"";"";"";"";"";"";""
"BP - JM - Azambuja";"";"";"";"";"";"";"";"";"";"";"";""
"BP - JM - Alfena";"";"";"";"";"";"";"";"";"";"";"";""
"GALP - Parada de Ester (CONVITE POSITIVO)";"";"";"";"";"";"";"";"";"";"";"";""
"PRIO Leiria Circular";"";"";"";"";"";"";"";"";"";"";"";""
"BP Venda do Pinheiro";"";"";"";"";"";"";"";"";"";"";"";""
"MOEVE Pegões Velhos (XPlus)";"";"";"";"";"";"";"";"";"";"";"";""
"BEQ Relvão";"";"";"";"";"";"";"";"";"";"";"";""
"POSTO DO TRAVESSO";"";"";"";"";"";"";"";"";"";"";"";""
"P25 - PRIO Celorico";"";"";"";"";"";"";"";"";"";"";"";""
"PRIO Canidelo";"";"";"";"";"";"";"";"";"";"";"";""
"BP Montalvão (Castelo Branco)";"";"";"";"";"";"";"";"";"";"";"";""
"PRIO Alfornelos";"";"";"";"";"";"";"";"";"";"";"";""
"E.S. VILA REAL ABAMBRES";"";"";"";"";"";"";"";"";"";"";"";""
"BP Porto de Mós - Corredoura";"";"";"";"";"";"";"";"";"";"";"";""
"RAPEL - PONTE DE LIMA";"";"";"";"";"";"";"";"";"";"";"";""
"E.S. FRIELAS";"";"";"";"";"";"";"";"";"";"";"";""
"P26 - PRIO Vieira do Minho";"";"";"";"";"";"";"";"";"";"";"";""
"Posto GNV - Dourogás - Maia";"";"";"";"";"";"";"";"";"";"";"";""
"PRIO Alvaiázere Este (A13)";"";"";"";"";"";"";"";"";"";"";"";""
"PRIO Vale de Figueira";"";"";"";"";"";"";"";"";"";"";"";""
"Posto BP Paredes";"";"";"";"";"";"";"";"";"";"";"";""
"BP Alcobaça";"";"";"";"";"";"";"";"";"";"";"";""
"SVA-Serviços de Viaturas Auto, Lda";"";"";"";"";"";"";"";"";"";"";"";""
"Posto GNV Dourogás - Vila Formoso";"";"";"";"";"";"";"";"";"";"";"";""
"INTERMARCHÉ Viseu";"";"";"";"";"";"";"";"";"";"";"";""
"PRIO Setúbal Centro (Av. Combatentes Grande Guerra) 087";"";"";"";"";"";"";"";"";"";"";"";""
"Posto GNV Dourogás - Via Norte, Porto";"";"";"";"";"";"";"";"";"";"";"";""
"F. Oliveira Martins ";"";"";"";"";"";"";"";"";"";"";"";""
"PRIO - Várzea";"";"";"";"";"";"";"";"";"";"";"";""
"PA BP ILHAVO";"";"";"";"";"";"";"";"";"";"";"";""
"INTERMARCHÉ Barcelos";"";"";"";"";"";"";"";"";"";"";"";""
"E.S. TABUA";"";"";"";"";"";"";"";"";"";"";"";""
"INTERMARCHÉ DE ALCANEDE";"";"";"";"";"";"";"";"";"";"";"";""
"PRIO Alvaiázere Oeste (A13)";"";"";"";"";"";"";"";"";"";"";"";""
"BP Sines";"";"";"";"";"";"";"";"";"";"";"";""
"Posto BP Aveiro Forca";"";"";"";"";"";"";"";"";"";"";"";""
"PETRO BASTO ENERGIA - Fafe";"";"";"";"";"";"";"";"";"";"";"";""
"INTER FERNÃO FERRO SUPERMERCADOS, LDA.";"";"";"";"";"";"";"";"";"";"";"";""
"INTERMARCHÉ ARCOZELO";"";"";"";"";"";"";"";"";"";"";"";""
"SUPERPRIMAVERA";"";"";"";"";"";"";"";"";"";"";"";""
"PRIO Alfena ZI";"";"";"";"";"";"";"";"";"";"";"";""
"P09 – PRIO Bustelo - Oliveira Azeméis";"";"";"";"";"";"";"";"";"";"";"";""
"P29 - PRIO Macedo de Cavaleiros";"";"";"";"";"";"";"";"";"";"";"";""
"P30 - SHELL Moure - Vila Verde";"";"";"";"";"";"";"";"";"";"";"";""
"BP Darque";"";"";"";"";"";"";"";"";"";"";"";""
"BP Azoia";"";"";"";"";"";"";"";"";"";"";"";""
"BP Lagoa Parchal";"";"";"";"";"";"";"";"";"";"";"";""
"Posto de Combustíveis Fortis";"";"";"";"";"";"";"";"";"";"";"";""
"E.S. SANTA COMBA DAO";"";"";"";"";"";"";"";"";"";"";"";""
"Posto BP Resende Centro";"";"";"";"";"";"";"";"";"";"";"";""
"Canedo";"";"";"";"";"";"";"";"";"";"";"";""
"ECOBRENT - Viana do Castelo";"";"";"";"";"";"";"";"";"";"";"";""
"Cepsa Coja";"";"";"";"";"";"";"";"";"";"";"";""
"BP Entroncamento II - R.Dr. Francisco Sá Carneiro";"";"";"";"";"";"";"";"";"";"";"";""
"Posto BP Grândola Vila";"";"";"";"";"";"";"";"";"";"";"";""
"MOTOPAL - PAULO LOURENÇO, UNIP,LDA";"";"";"";"";"";"";"";"";"";"";"";""
"ALFABRENT Guimarães Silvares";"";"";"";"";"";"";"";"";"";"";"";""
"Prio Pombal (Travasso)";"";"";"";"";"";"";"";"";"";"";"";""
"Posto GNV - Dourogás - Palmela";"";"";"";"";"";"";"";"";"";"";"";""
"TFUEL - CANO";"";"";"";"";"";"";"";"";"";"";"";""
"Prio - Loures";"";"";"";"";"";"";"";"";"";"";"";""
"CEPSA Silves - Estádio";"";"";"";"";"";"";"";"";"";"";"";""
"GALP Ameixoeira - Oleiros";"";"";"";"";"";"";"";"";"";"";"";""
"Prio - Cacém";"";"";"";"";"";"";"";"";"";"";"";""
"PA OZ Alcáçovas";"";"";"";"";"";"";"";"";"";"";"";""
"Prio - Manique";"";"";"";"";"";"";"";"";"";"";"";""
"INTERMARCHÉ São João da Pesqueira";"";"";"";"";"";"";"";"";"";"";"";""
"PRIO Moita";"";"";"";"";"";"";"";"";"";"";"";""
"PA Bodiosa - Viseu";"";"";"";"";"";"";"";"";"";"";"";""
"PA Vouguinha - Viseu";"";"";"";"";"";"";"";"";"";"";"";""
"GALP Caria";"";"";"";"";"";"";"";"";"";"";"";""
"BP Cascalheira";"";"";"";"";"";"";"";"";"";"";"";""
"TFUEL - ALTE";"";"";"";"";"";"";"";"";"";"";"";""
"Posto de Abastecimento dos Cardosos";"";"";"";"";"";"";"";"";"";"";"";""
"AUTO JULIO - Ramalhal (Zona Ind. Ameal)";"";"";"";"";"";"";"";"";"";"";"";""
"Auto Julio - Povoa Galega";"";"";"";"";"";"";"";"";"";"";"";""
"AJ - Igreja Nova";"";"";"";"";"";"";"";"";"";"";"";""
"AUTO JÙLIO - Posto Interno";"";"";"";"";"";"";"";"";"";"";"";""
"AUTO JULIO - Algoz";"";"";"";"";"";"";"";"";"";"";"";""
"BP Tavarede";"";"";"";"";"";"";"";"";"";"";"";""
"AUTO JULIO - Aljezur";"";"";"";"";"";"";"";"";"";"";"";""
"AUTO JULIO - Balaia";"";"";"";"";"";"";"";"";"";"";"";""
"E.S. FATIMA";"";"";"";"";"";"";"";"";"";"";"";""
"P50 - PRIO Marinhais";"";"";"";"";"";"";"";"";"";"";"";""
"P44 - PRIO Ovar (Sul)";"";"";"";"";"";"";"";"";"";"";"";""
"P43 - PRIO Ovar (Norte)";"";"";"";"";"";"";"";"";"";"";"";""
"POSTO ALVAIÁZERE";"";"";"";"";"";"";"";"";"";"";"";""
"E.S. GUARDA SUL ROTUNDA";"";"";"";"";"";"";"";"";"";"";"";""
"Fernão Ferro Oeste ";"";"";"";"";"";"";"";"";"";"";"";""
"BP Fernão Ferro Este ";"";"";"";"";"";"";"";"";"";"";"";""
"TFGEST - PENAFIEL";"";"";"";"";"";"";"";"";"";"";"";""
"E.S. PORTO ALTO";"";"";"";"";"";"";"";"";"";"";"";""
"CEPSA Portela - Moscavide";"";"";"";"";"";"";"";"";"";"";"";""
"BP - Meinedo";"";"";"";"";"";"";"";"";"";"";"";""
"Dpp Recardães";"";"";"";"";"";"";"";"";"";"";"";""
"BP Fluvial";"";"";"";"";"";"";"";"";"";"";"";""
"E.S. PEDROGAO GRANDE IC8";"";"";"";"";"";"";"";"";"";"";"";""
"E.S. MONCHIQUE";"";"";"";"";"";"";"";"";"";"";"";""
"E.S. PARCHAL";"";"";"";"";"";"";"";"";"";"";"";""
"Prio - Abóboda";"";"";"";"";"";"";"";"";"";"";"";""
"E.S. BAIXA DA BANHEIRA";"";"";"";"";"";"";"";"";"";"";"";""
"PA  Constância";"";"";"";"";"";"";"";"";"";"";"";""
"AB Carregal do Sal";"";"";"";"";"";"";"";"";"";"";"";""
"CEPSA - AGUIAR DA BEIRA";"";"";"";"";"";"";"";"";"";"";"";""
"Intermarché de Évora";"";"";"";"";"";"";"";"";"";"";"";""
"BP RAMADA";"";"";"";"";"";"";"";"";"";"";"";""
"BP MAIA - ZONA INDUSTRIAL";"";"";"";"";"";"";"";"";"";"";"";""
"BP Serpa";"";"";"";"";"";"";"";"";"";"";"";""
"INTERMARCHE MARACHIQUE ALVOR";"";"";"";"";"";"";"";"";"";"";"";""
"PETROCENTRO";"";"";"";"";"";"";"";"";"";"";"";""
"CEPSA GUIMARAES";"";"";"";"";"";"";"";"";"";"";"";""
"P56 - PRIO Monforte";"";"";"";"";"";"";"";"";"";"";"";""
"P55 - PRIO Elvas";"";"";"";"";"";"";"";"";"";"";"";""
"BP Infias";"";"";"";"";"";"";"";"";"";"";"";""
"P51 - SHELL Pombal";"";"";"";"";"";"";"";"";"";"";"";""
"P53 - SHELL Carreira";"";"";"";"";"";"";"";"";"";"";"";""
"PA Feitos -Barcelos";"";"";"";"";"";"";"";"";"";"";"";""
"Mafra";"";"";"";"";"";"";"";"";"";"";"";""
"CEPSA  Albergaria-a-Velha  (LIS/POR)";"";"";"";"";"";"";"";"";"";"";"";""
"CEPSA Albergaria-a-Velha (POR/LIS)";"";"";"";"";"";"";"";"";"";"";"";""
"GALP Cano (VMF)";"";"";"";"";"";"";"";"";"";"";"";""
"VMF- Raposeira";"";"";"";"";"";"";"";"";"";"";"";""
"GALP Herdade das Onzenas";"";"";"";"";"";"";"";"";"";"";"";""
"GALP Redondo (19122)";"";"";"";"";"";"";"";"";"";"";"";""
"GALP Santo Aleixo";"";"";"";"";"";"";"";"";"";"";"";""
"GASPE URRÓS";"";"";"";"";"";"";"";"";"";"";"";""
"BP Monte Redondo";"";"";"";"";"";"";"";"";"";"";"";""
"PRIO A-dos-cunhados";"";"";"";"";"";"";"";"";"";"";"";""
"BP IC2 - POMBAL";"";"";"";"";"";"";"";"";"";"";"";""
"BP Embra (Marinha Grande)";"";"";"";"";"";"";"";"";"";"";"";""
"MOEVE Mirandela ZI ";"";"";"";"";"";"";"";"";"";"";"";""
"A8 OBIDOS ( LEI / LIS ) POENTE";"";"";"";"";"";"";"";"";"";"";"";""
"A8 OBIDOS ( LIS / LEI ) NASCENTE";"";"";"";"";"";"";"";"";"";"";"";""
"Prio - Albufeira (Vale de Paraíso)";"";"";"";"";"";"";"";"";"";"";"";""
"BP - Almodôvar";"";"";"";"";"";"";"";"";"";"";"";""
"PRIO - Santa Bárbara de Nexe";"";"";"";"";"";"";"";"";"";"";"";""
"Posto de Abastecimento - Intermarché de Famões";"";"";"";"";"";"";"";"";"";"";"";""
"MOEVE ALPORCHINHOS";"";"";"";"";"";"";"";"";"";"";"";""
"Almeida - Energética II";"";"";"";"";"";"";"";"";"";"";"";""
"INTERMEMARTINS - SUPERMERCADOS, LDA";"";"";"";"";"";"";"";"";"";"";"";""
"Barreirinho - Pascoal";"";"";"";"";"";"";"";"";"";"";"";""
"BP Abrantes";"";"";"";"";"";"";"";"";"";"";"";""
"P33 - PRIO Baguim do Monte";"";"";"";"";"";"";"";"";"";"";"";""
"RECTA DA FAJARDA COMBUSTIVEIS, LDA";"";"";"";"";"";"";"";"";"";"";"";""
"INTERMARCHE Cuba";"";"";"";"";"";"";"";"";"";"";"";""
"E.S. FARO MARF";"";"";"";"";"";"";"";"";"";"";"";""
"OZ ENERGIA Reguengo Pequeno";"";"";"";"";"";"";"";"";"";"";"";""
"PA BP Vinhais";"";"";"";"";"";"";"";"";"";"";"";""
"BP Vila Real Europa";"";"";"";"";"";"";"";"";"";"";"";""
"ESPOSENDE";"";"";"";"";"";"";"";"";"";"";"";""
"E.S. POVOA DE VARZIM VIA B";"";"";"";"";"";"";"";"";"";"";"";""
"GABARITO PRINCIPAL LDA";"";"";"";"";"";"";"";"";"";"";"";""
"Coast Splendor";"";"";"";"";"";"";"";"";"";"";"";""
"CEPSA LOURO";"";"";"";"";"";"";"";"";"";"";"";""
"ALVES BANDEIRA Albergaria-a-Velha (Urgeiras)";"";"";"";"";"";"";"";"";"";"";"";""
"ALVES BANDEIRA Almeirim";"";"";"";"";"";"";"";"";"";"";"";""
"ALVES BANDEIRA Castanheira de Pera";"";"";"";"";"";"";"";"";"";"";"";""
"Moeve Bragança I - Cantarias";"";"";"";"";"";"";"";"";"";"";"";""
"Guadicomb - Vila real de santo antónio";"";"";"";"";"";"";"";"";"";"";"";""
"Bp Cuba";"";"";"";"";"";"";"";"";"";"";"";""
"P58 - PRIO Galegos";"";"";"";"";"";"";"";"";"";"";"";""
"P45 - PRIO Monção";"";"";"";"";"";"";"";"";"";"";"";""
"PRIO Évora ZI";"";"";"";"";"";"";"";"";"";"";"";""
"P41 - PRIO Cantanhede - Campanas";"";"";"";"";"";"";"";"";"";"";"";""
"INTERMARCHÉ MINDE";"";"";"";"";"";"";"";"";"";"";"";""
"Intermarché da Trofa";"";"";"";"";"";"";"";"";"";"";"";""
"Intermarché Coruche";"";"";"";"";"";"";"";"";"";"";"";""
"BP Alcochete";"";"";"";"";"";"";"";"";"";"";"";""
"ALFABRENT Santo Tirso Fontiscos";"";"";"";"";"";"";"";"";"";"";"";""
"Auto Julio - Salir";"";"";"";"";"";"";"";"";"";"";"";""
"Auto Julio - Alcoutim";"";"";"";"";"";"";"";"";"";"";"";""
"PRIO Carcavelos";"";"";"";"";"";"";"";"";"";"";"";""
"POSTO AMÉRICO DE SÁ";"";"";"";"";"";"";"";"";"";"";"";""
"BP Pedrome";"";"";"";"";"";"";"";"";"";"";"";""
"PA Fontes Ferrenhas";"";"";"";"";"";"";"";"";"";"";"";""
"Intermarché Silveira";"";"";"";"";"";"";"";"";"";"";"";""
"BP - FONTE BOA ";"";"";"";"";"";"";"";"";"";"";"";""
"GALP Castelo Branco Av. de Espanha";"";"";"";"";"";"";"";"";"";"";"";""
"Transforpel Combustíveis Chão de Sapo";"";"";"";"";"";"";"";"";"";"";"";""
"PA AB PetroPina ZI";"";"";"";"";"";"";"";"";"";"";"";""
"PA CEPSA Portela - Requião";"";"";"";"";"";"";"";"";"";"";"";""
"P54 - PRIO Atães";"";"";"";"";"";"";"";"";"";"";"";""
"P60 - PRIO Feiteira S";"";"";"";"";"";"";"";"";"";"";"";""
"P59 - PRIO Feiteira P";"";"";"";"";"";"";"";"";"";"";"";""
"NTA-NOVAS TECNOLOGIAS AUTO, LDA";"";"";"";"";"";"";"";"";"";"";"";""
"Intermarché Vale Pedras";"";"";"";"";"";"";"";"";"";"";"";""
"Machado & Veiga Combustiveis, Lda";"";"";"";"";"";"";"";"";"";"";"";""
"BP Abóboda";"";"";"";"";"";"";"";"";"";"";"";""
"P27 - PRIO Coimbrões";"";"";"";"";"";"";"";"";"";"";"";""
"PETRO BASTO ENERGIA -  Cabeceira de Basto";"";"";"";"";"";"";"";"";"";"";"";""
"TFGest, lda Trofa";"";"";"";"";"";"";"";"";"";"";"";""
"BP ZONA INDUSTRIAL";"";"";"";"";"";"";"";"";"";"";"";""
"Posto Abragão";"";"";"";"";"";"";"";"";"";"";"";""
" Quinta da Balança, cereais e combustíveis Ldª";"";"";"";"";"";"";"";"";"";"";"";""
"E.S. ALENQUER";"";"";"";"";"";"";"";"";"";"";"";""
"Lagares Combustiveis";"";"";"";"";"";"";"";"";"";"";"";""
"Oeiras Barcarena";"";"";"";"";"";"";"";"";"";"";"";""
"MIRANDA DO DOURO";"";"";"";"";"";"";"";"";"";"";"";""
"PRIO Arroios";"";"";"";"";"";"";"";"";"";"";"";""
"Posto Sodimapi Alvão";"";"";"";"";"";"";"";"";"";"";"";""
"PRIO Casais de Santa Bárbara - Lourinhã";"";"";"";"";"";"";"";"";"";"";"";""
"ALVES BANDEIRA Mitrena (Setúbal)";"";"";"";"";"";"";"";"";"";"";"";""
"ALVES BANDEIRA Vale da Rosa";"";"";"";"";"";"";"";"";"";"";"";""
"ALVES BANDEIRA Assequins";"";"";"";"";"";"";"";"";"";"";"";""
"Intermarché Mortágua";"";"";"";"";"";"";"";"";"";"";"";""
"INTERMARCHÉ de Santiago do Cacém";"";"";"";"";"";"";"";"";"";"";"";""
"ÉMARCA";"";"";"";"";"";"";"";"";"";"";"";""
"BP SALVATERRA DE MAGOS CENTRO";"";"";"";"";"";"";"";"";"";"";"";""
"Petrovariante ";"";"";"";"";"";"";"";"";"";"";"";""
"VIEIRA DE LEIRIA";"";"";"";"";"";"";"";"";"";"";"";""
"P24 - PRIO Arrifana";"";"";"";"";"";"";"";"";"";"";"";""
"PEGNV - Galp CLC";"";"";"";"";"";"";"";"";"";"";"";""
"INTERMARCHE FREAMUNDE";"";"";"";"";"";"";"";"";"";"";"";""
"BP Arruda dos Vinhos";"";"";"";"";"";"";"";"";"";"";"";""
"PRIO Famalicão";"";"";"";"";"";"";"";"";"";"";"";""
"SHELL Aguada de Baixo (N/S) - Poente";"";"";"";"";"";"";"";"";"";"";"";""
"SHELL Aguada de Baixo (S/N) - Nascente";"";"";"";"";"";"";"";"";"";"";"";""
"SHELL-TAVIRA";"";"";"";"";"";"";"";"";"";"";"";""
"SHELL-ALGÉS";"";"";"";"";"";"";"";"";"";"";"";""
"SHELL Braga - Maximinos E (Nascente)";"";"";"";"";"";"";"";"";"";"";"";""
"SHELL Nazaré";"";"";"";"";"";"";"";"";"";"";"";""
"SHELL Braga Maximinus Entrada";"";"";"";"";"";"";"";"";"";"";"";""
"SHELL Baguim do Monte - Gondomar ";"";"";"";"";"";"";"";"";"";"";"";""
"SHELL-RECAREI";"";"";"";"";"";"";"";"";"";"";"";""
"SHELL  Seixal";"";"";"";"";"";"";"";"";"";"";"";""
"SHELL Creixomil  (Guimarães)";"";"";"";"";"";"";"";"";"";"";"";""
"PA Freixo de Cima - Lixa (DPP)";"";"";"";"";"";"";"";"";"";"";"";""
"BP Runa";"";"";"";"";"";"";"";"";"";"";"";""
"Dpp Mamarrosa";"";"";"";"";"";"";"";"";"";"";"";""
"PRIO Guarda";"";"";"";"";"";"";"";"";"";"";"";""
"PRIO Campo Grande";"";"";"";"";"";"";"";"";"";"";"";""
"BP Macieira da Maia";"";"";"";"";"";"";"";"";"";"";"";""
"ALVES BANDEIRA Maia";"";"";"";"";"";"";"";"";"";"";"";""
"ALVES BANDEIRA Gondomar (São Pedro da Cova)";"";"";"";"";"";"";"";"";"";"";"";""
"E.S. CANELAS";"";"";"";"";"";"";"";"";"";"";"";""
"PRIO Maia Via Ardegães";"";"";"";"";"";"";"";"";"";"";"";""
"Inter Ansião ZI";"";"";"";"";"";"";"";"";"";"";"";""
"Intermarché Ansião";"";"";"";"";"";"";"";"";"";"";"";""
"Inter Miranda Corvo";"";"";"";"";"";"";"";"";"";"";"";""
"Intermarché Lousã";"";"";"";"";"";"";"";"";"";"";"";""
"CEPSA  Santar";"";"";"";"";"";"";"";"";"";"";"";""
"E.S. CANIDELO";"";"";"";"";"";"";"";"";"";"";"";""
"PRIO - Parede";"";"";"";"";"";"";"";"";"";"";"";""
"PRIO - Lisboa Expo";"";"";"";"";"";"";"";"";"";"";"";""
"AUCHAN Paço de Arcos";"";"";"";"";"";"";"";"";"";"";"";""
"Socrabine, CRL";"";"";"";"";"";"";"";"";"";"";"";""
"BP Condeixa a Nova";"";"";"";"";"";"";"";"";"";"";"";""
"PRIO Gondomar";"";"";"";"";"";"";"";"";"";"";"";""
"PRIO São Mamede de Infesta";"";"";"";"";"";"";"";"";"";"";"";""
"ECOBRENT SANTARÉM FAST";"";"";"";"";"";"";"";"";"";"";"";""
"PRIO Fábrica do Cobre";"";"";"";"";"";"";"";"";"";"";"";""
"GALP Carvalhal - Grândola";"";"";"";"";"";"";"";"";"";"";"";""
"GALP Carvalhal - Av. 18 de Dezembro";"";"";"";"";"";"";"";"";"";"";"";""
"Petrodoismil";"";"";"";"";"";"";"";"";"";"";"";""
"Prio Palmela";"";"";"";"";"";"";"";"";"";"";"";""
"SHELL Perafita";"";"";"";"";"";"";"";"";"";"";"";""
"P.A. Shell - Monte Redondo";"";"";"";"";"";"";"";"";"";"";"";""
"Intermarché Avintes";"";"";"";"";"";"";"";"";"";"";"";""
"INTERCABECEIRAS - SUPERMERCADOS, LDA";"";"";"";"";"";"";"";"";"";"";"";""
"Prio Cruz do Campo";"";"";"";"";"";"";"";"";"";"";"";""
"CEPSA Moimenta da Beira/Leomil";"";"";"";"";"";"";"";"";"";"";"";""
"SHELL Loures Infantado";"";"";"";"";"";"";"";"";"";"";"";""
"INTERMARCHE DE LOUSADA";"";"";"";"";"";"";"";"";"";"";"";""
"MOEVE Comporta";"";"";"";"";"";"";"";"";"";"";"";""
"Posto Lampião - Azenha do Rio";"";"";"";"";"";"";"";"";"";"";"";""
"ALVES BANDEIRA São Bartolomeu de Messines";"";"";"";"";"";"";"";"";"";"";"";""
"ALVES BANDEIRA Sardoeira";"";"";"";"";"";"";"";"";"";"";"";""
"ALVES BANDEIRA Rio de Moinhos";"";"";"";"";"";"";"";"";"";"";"";""
"Ruivorange, Lda";"";"";"";"";"";"";"";"";"";"";"";""
"BP S- Pedro";"";"";"";"";"";"";"";"";"";"";"";""
"PETROIZEDA";"";"";"";"";"";"";"";"";"";"";"";""
"INTERMACHÉ SINES";"";"";"";"";"";"";"";"";"";"";"";""
"Transforpel Combustíveis Marinha Grande";"";"";"";"";"";"";"";"";"";"";"";""
"Intermarche de Vila Nova de Santo Andre";"";"";"";"";"";"";"";"";"";"";"";""
"ECOBRENT SANTARÉM RETAIL";"";"";"";"";"";"";"";"";"";"";"";""
"PRIO NOGUEIRA DA MAIA";"";"";"";"";"";"";"";"";"";"";"";""
"CB de Vidigueira";"";"";"";"";"";"";"";"";"";"";"";""
"P35 - SHELL Terrugem";"";"";"";"";"";"";"";"";"";"";"";""
"E.S. AZURARA";"";"";"";"";"";"";"";"";"";"";"";""
"Galp- Midões -Estrada de S.Miguel";"";"";"";"";"";"";"";"";"";"";"";""
"OEIRAS";"";"";"";"";"";"";"";"";"";"";"";""
"Prio - Massamá";"";"";"";"";"";"";"";"";"";"";"";""
"CHAMAGEST,LDA";"";"";"";"";"";"";"";"";"";"";"";""
"AB Outão ";"";"";"";"";"";"";"";"";"";"";"";""
"MOEVE Caixas (Alfarim)";"";"";"";"";"";"";"";"";"";"";"";""
"INTERMARCHÉ Figueira Castelo Rodrigo";"";"";"";"";"";"";"";"";"";"";"";""
"P61 - SHELL Vilar de Andorinho (P)";"";"";"";"";"";"";"";"";"";"";"";""
"P62 - SHELL Vilar de Andorinho (S)";"";"";"";"";"";"";"";"";"";"";"";""
"TFGest, Gestão e Comercio de Produtos Petrolíferos, Lda";"";"";"";"";"";"";"";"";"";"";"";""
"TFGest Gestão e Comercio de Produtos Petrolíferos, Lda";"";"";"";"";"";"";"";"";"";"";"";""
"INTERMARCHE OLIVEIRA DOURO";"";"";"";"";"";"";"";"";"";"";"";""
"PRIO Trofa";"";"";"";"";"";"";"";"";"";"";"";""
"TFUEL - REGUENGO DO FETAL";"";"";"";"";"";"";"";"";"";"";"";""
"TFUEL - SOBREIRA FORMOSA";"";"";"";"";"";"";"";"";"";"";"";""
"TFUEL - MAÇUSSA";"";"";"";"";"";"";"";"";"";"";"";""
"Posto S. Cristovão - Baltar - Esteves & Lobo";"";"";"";"";"";"";"";"";"";"";"";""
"Moncorvimov, Lda";"";"";"";"";"";"";"";"";"";"";"";""
"PA Nespereira";"";"";"";"";"";"";"";"";"";"";"";""
"E.S. ABRANTES";"";"";"";"";"";"";"";"";"";"";"";""
"PRIO São Felix da Marinha";"";"";"";"";"";"";"";"";"";"";"";""
"CEPSA Bucelas";"";"";"";"";"";"";"";"";"";"";"";""
"BP Seixas";"";"";"";"";"";"";"";"";"";"";"";""
"BP Nogueira Oeste (2)";"";"";"";"";"";"";"";"";"";"";"";""
"Anibal Antunes Bandeira,LDA";"";"";"";"";"";"";"";"";"";"";"";""
"MOEVE Leça da Palmeira";"";"";"";"";"";"";"";"";"";"";"";""
"Repsol Ourém - GT Petro";"";"";"";"";"";"";"";"";"";"";"";""
"E. LECLERC SANTARÉM";"";"";"";"";"";"";"";"";"";"";"";""
"Delmarques- Alqueidão de Casevel";"";"";"";"";"";"";"";"";"";"";"";""
"E.LECLERC V. N. FAMALICÃO";"";"";"";"";"";"";"";"";"";"";"";""
"E.LECLERC Chaves";"";"";"";"";"";"";"";"";"";"";"";""
"E. LECLERC FEIRA";"";"";"";"";"";"";"";"";"";"";"";""
"E. LECLERC -  Montijo";"";"";"";"";"";"";"";"";"";"";"";""
"E.LECLERC ENTRONCAMENTO";"";"";"";"";"";"";"";"";"";"";"";""
"E.LECLERC LORDELO GMR";"";"";"";"";"";"";"";"";"";"";"";""
"E.LECLERC CALDAS DA RAINHA";"";"";"";"";"";"";"";"";"";"";"";""
"E. LECLERC PORTALEGRE";"";"";"";"";"";"";"";"";"";"";"";""
"E. LECLERC BARCELOS";"";"";"";"";"";"";"";"";"";"";"";""
"E. LECLERC LOUSADA";"";"";"";"";"";"";"";"";"";"";"";""
"E.LECLERC FAFE";"";"";"";"";"";"";"";"";"";"";"";""
"E.LECLERC BOBADELA";"";"";"";"";"";"";"";"";"";"";"";""
"E. LECLERC VALONGO";"";"";"";"";"";"";"";"";"";"";"";""
"E.LECLERC FIGUEIRA DA FOZ";"";"";"";"";"";"";"";"";"";"";"";""
"E. LECLERC BRAGA";"";"";"";"";"";"";"";"";"";"";"";""
"E. LECLERC AMORA";"";"";"";"";"";"";"";"";"";"";"";""
"E.LECLERC VIANA DO CASTELO (COMBUSTIVEIS)";"";"";"";"";"";"";"";"";"";"";"";""
"E. LECLERC LAMEGO";"";"";"";"";"";"";"";"";"";"";"";""
"SHELL Argoncilhe";"";"";"";"";"";"";"";"";"";"";"";""
"Petrozêzere Comércio de Combustíveis Unipessoal Lda";"";"";"";"";"";"";"";"";"";"";"";""
"Lupins";"";"";"";"";"";"";"";"";"";"";"";""
"INTERMARCHÉ  Tramagal";"";"";"";"";"";"";"";"";"";"";"";""
"Prio - Lagos";"";"";"";"";"";"";"";"";"";"";"";""
"INTER. T.VEDRAS";"";"";"";"";"";"";"";"";"";"";"";""
"Intermarché Olhão";"";"";"";"";"";"";"";"";"";"";"";""
"POSTO SHELL - PASCOAL";"";"";"";"";"";"";"";"";"";"";"";""
"E.S. VERMOIL";"";"";"";"";"";"";"";"";"";"";"";""
"INTERMARCHÉ  NELAS";"";"";"";"";"";"";"";"";"";"";"";""
"P63 - PRIO Rio Mau";"";"";"";"";"";"";"";"";"";"";"";""
"SHELL Estoril";"";"";"";"";"";"";"";"";"";"";"";""
"Guilherme Oliveira - Reparação de Automóveis Lda.";"";"";"";"";"";"";"";"";"";"";"";""
"Posto de Abastecimento Seixo -  Mira ";"";"";"";"";"";"";"";"";"";"";"";""
"Ribeira dos Amiais";"";"";"";"";"";"";"";"";"";"";"";""
"Vidais";"";"";"";"";"";"";"";"";"";"";"";""
"Circunstância Azul - PRIO Mira de Aire";"";"";"";"";"";"";"";"";"";"";"";""
"GASOLAR-MONÇÃO";"";"";"";"";"";"";"";"";"";"";"";""
"GASOLAR - CAMINHA";"";"";"";"";"";"";"";"";"";"";"";""
"BP EN 125 (SUL)";"";"";"";"";"";"";"";"";"";"";"";""
"BP EN 125 (NORTE)";"";"";"";"";"";"";"";"";"";"";"";""
"MERCÊS";"";"";"";"";"";"";"";"";"";"";"";""
"Transforpel Combustíveis Moncarapacho";"";"";"";"";"";"";"";"";"";"";"";""
"Intermarché de São Martinho do Porto";"";"";"";"";"";"";"";"";"";"";"";""
"BP SINTRA - RIO DE MOURO";"";"";"";"";"";"";"";"";"";"";"";""
"BOLIQUEIME";"";"";"";"";"";"";"";"";"";"";"";""
"CEPSA  Pena Verde";"";"";"";"";"";"";"";"";"";"";"";""
"E.S. BOLIQUEIME N125";"";"";"";"";"";"";"";"";"";"";"";""
"INTERMARCHÉ São Brás de Alportel";"";"";"";"";"";"";"";"";"";"";"";""
"BP São Roque da Lameira - Porto";"";"";"";"";"";"";"";"";"";"";"";""
"CEPSA  Pinheiro da Bemposta";"";"";"";"";"";"";"";"";"";"";"";""
"Bp Carcavelos";"";"";"";"";"";"";"";"";"";"";"";""
"Posto Esmeriz";"";"";"";"";"";"";"";"";"";"";"";""
"PA  Canedo";"";"";"";"";"";"";"";"";"";"";"";""
"OZ ENERGIA -  SANTA CATARINA";"";"";"";"";"";"";"";"";"";"";"";""
"OZ ENERGIA - GRAÇA";"";"";"";"";"";"";"";"";"";"";"";""
"OZ ENERGIA-SANFINS";"";"";"";"";"";"";"";"";"";"";"";""
"OZ ENERGIA - CASTILHO";"";"";"";"";"";"";"";"";"";"";"";""
"OZ ENERGIA-ALVALADE DO SADO";"";"";"";"";"";"";"";"";"";"";"";""
"OZ ENERGIA -   ERMIDAS DO SADO";"";"";"";"";"";"";"";"";"";"";"";""
"OZ ENERGIA - FEIJÓ";"";"";"";"";"";"";"";"";"";"";"";""
"OZ ENERGIA -  SETÚBAL";"";"";"";"";"";"";"";"";"";"";"";""
"PAGPL OZ ENERGIA -  PRIOR VELHO";"";"";"";"";"";"";"";"";"";"";"";""
"OZ ENERGIA -  MASSAMÁ";"";"";"";"";"";"";"";"";"";"";"";""
"OZ ENERGIA -  TERRUGEM";"";"";"";"";"";"";"";"";"";"";"";""
"OZ ENERGIA  - TRAFARIA";"";"";"";"";"";"";"";"";"";"";"";""
"OZ ENERGIA-SOBROSA";"";"";"";"";"";"";"";"";"";"";"";""
"OZ ENERGIA - CASTRO VERDE(Intermarché)";"";"";"";"";"";"";"";"";"";"";"";""
"OZ ENERGIA - PAÇO DE ARCOS";"";"";"";"";"";"";"";"";"";"";"";""
"OZ ENERGIA-SINES";"";"";"";"";"";"";"";"";"";"";"";""
"OZ ENERGIA-PENAFIEL";"";"";"";"";"";"";"";"";"";"";"";""
"OZ ENERGIA - BOBADELA  (GPL Auto)";"";"";"";"";"";"";"";"";"";"";"";""
"OZ ENERGIA  - BARQUEIROS";"";"";"";"";"";"";"";"";"";"";"";""
"BP Fojo - V. N. Gaia";"";"";"";"";"";"";"";"";"";"";"";""
"Posto Abastecimento BP - Torres Novas";"";"";"";"";"";"";"";"";"";"";"";""
"PA Vila Fernando";"";"";"";"";"";"";"";"";"";"";"";""
"J. M. Cordeiro, Lda. - Torres Novas, Retail Park";"";"";"";"";"";"";"";"";"";"";"";""
"J. M. Cordeiro, Lda. - Forum Coimbra";"";"";"";"";"";"";"";"";"";"";"";""
"BP CRATO";"";"";"";"";"";"";"";"";"";"";"";""
"BRAGA - DUME";"";"";"";"";"";"";"";"";"";"";"";""
"TFGEST  Novelas";"";"";"";"";"";"";"";"";"";"";"";""
"INTERMARCHÉ Torre de Moncorvo";"";"";"";"";"";"";"";"";"";"";"";""
"Tuacar - Posto Mirandela Sul";"";"";"";"";"";"";"";"";"";"";"";""
"BP Águeda (EN1)";"";"";"";"";"";"";"";"";"";"";"";""
"P52 - PRIO Cristelo";"";"";"";"";"";"";"";"";"";"";"";""
"ARM Portimão";"";"";"";"";"";"";"";"";"";"";"";""
"PA Serzedo (Repsol) - 21017 Antorep";"";"";"";"";"";"";"";"";"";"";"";""
"INTERMARCHÉ DE VILA VERDE";"";"";"";"";"";"";"";"";"";"";"";""
"Superlamas- Supermercados, Lda";"";"";"";"";"";"";"";"";"";"";"";""
"CEPSA  Marina de Cascais";"";"";"";"";"";"";"";"";"";"";"";""
"PETROPRIX Águeda";"";"";"";"";"";"";"";"";"";"";"";""
"CARBUIBERIA - Braga";"";"";"";"";"";"";"";"";"";"";"";""
"PETROVANDOMA";"";"";"";"";"";"";"";"";"";"";"";""
"INTERMARCHE - SUPERFARO SUPERMERCADOS";"";"";"";"";"";"";"";"";"";"";"";""
"Posto BP Gouveia";"";"";"";"";"";"";"";"";"";"";"";""
"TFUEL - VENDAS NOVAS";"";"";"";"";"";"";"";"";"";"";"";""
"P32 - PRIO Ribeirão";"";"";"";"";"";"";"";"";"";"";"";""
"PETRIN Avis";"";"";"";"";"";"";"";"";"";"";"";""
"Q8 Lugar de Cavadas - Santo Tirso";"";"";"";"";"";"";"";"";"";"";"";""
"AUCHAN  Vila do Conde";"";"";"";"";"";"";"";"";"";"";"";""
"PA  Alvarenga";"";"";"";"";"";"";"";"";"";"";"";""
"GALP A.S. BARCELOS";"";"";"";"";"";"";"";"";"";"";"";""
"PRIO Fânzeres";"";"";"";"";"";"";"";"";"";"";"";""
"TFGEST São Martinho Campo";"";"";"";"";"";"";"";"";"";"";"";""
"PETROIL, São João da Pesqueira";"";"";"";"";"";"";"";"";"";"";"";""
"ALFABRENT Amareleja";"";"";"";"";"";"";"";"";"";"";"";""
"PRIO Faro - Conceição";"";"";"";"";"";"";"";"";"";"";"";""
"BP Ferreiras";"";"";"";"";"";"";"";"";"";"";"";""
"BXPRESS - Águeda";"";"";"";"";"";"";"";"";"";"";"";""
"TFUEL - CAMPO DE OURIQUE";"";"";"";"";"";"";"";"";"";"";"";""
"Moeve Matosinhos";"";"";"";"";"";"";"";"";"";"";"";""
"PETROPRIX Matosinhos";"";"";"";"";"";"";"";"";"";"";"";""
"PRIO Herdade da Barrosinha (Alcácer do Sal)";"";"";"";"";"";"";"";"";"";"";"";""
"Moeve Palmela -  Quinta da Torre";"";"";"";"";"";"";"";"";"";"";"";""
"PAC INTERMARCHE LOURINHA";"";"";"";"";"";"";"";"";"";"";"";""
"E.S. ALCANEDE";"";"";"";"";"";"";"";"";"";"";"";""
"BP S. Maria da Feira  - Gião";"";"";"";"";"";"";"";"";"";"";"";""
"INTERMARCHÉ Baião";"";"";"";"";"";"";"";"";"";"";"";""
"PA CHAMAGÁS Gala (Morraceira)";"";"";"";"";"";"";"";"";"";"";"";""
"PA CHAMAGÁS Pedroso";"";"";"";"";"";"";"";"";"";"";"";""
"CHAMAGÁS LEIRIA";"";"";"";"";"";"";"";"";"";"";"";""
"ALVES BANDEIRA Casal Novo";"";"";"";"";"";"";"";"";"";"";"";""
"INTERMARCHÉ Interviatodos";"";"";"";"";"";"";"";"";"";"";"";""
"PLENERGY Guarda Gare I";"";"";"";"";"";"";"";"";"";"";"";""
"E.S. LIXA";"";"";"";"";"";"";"";"";"";"";"";""
"MOEVE Viana do Castelo - Cardielos";"";"";"";"";"";"";"";"";"";"";"";""
"Moeve Fogueteiro";"";"";"";"";"";"";"";"";"";"";"";""
"ALVES BANDEIRA Alcantarilha";"";"";"";"";"";"";"";"";"";"";"";""
"OZ ENERGIA - MURTOSA";"";"";"";"";"";"";"";"";"";"";"";""
"PA Neomaquina Supermercado Benedita";"";"";"";"";"";"";"";"";"";"";"";""
"OZ ENERGIA - S. João das Lampas";"";"";"";"";"";"";"";"";"";"";"";""
"FERREIRA ALENTEJO";"";"";"";"";"";"";"";"";"";"";"";""
"ALVES BANDEIRA Alfena";"";"";"";"";"";"";"";"";"";"";"";""
"ALVES BANDEIRA Venda Nova";"";"";"";"";"";"";"";"";"";"";"";""
"PLENERGY Viana do Castelo I";"";"";"";"";"";"";"";"";"";"";"";""
"Moeve - Soalhães";"";"";"";"";"";"";"";"";"";"";"";""
"Moeve - Prozelo";"";"";"";"";"";"";"";"";"";"";"";""
"Moeve Ponte da Barca";"";"";"";"";"";"";"";"";"";"";"";""
"E.S. PORTO DA CARNE (GUARDA)";"";"";"";"";"";"";"";"";"";"";"";""
"E.S. MEADELA - V. CASTELO";"";"";"";"";"";"";"";"";"";"";"";""
"CVB-COMB.VENDA DO BRASIL";"";"";"";"";"";"";"";"";"";"";"";""
"INTERMARCHÉ  Samora Correia";"";"";"";"";"";"";"";"";"";"";"";""
"SHELL MARINHAS";"";"";"";"";"";"";"";"";"";"";"";""
"REPSOL Belenenses";"";"";"";"";"";"";"";"";"";"";"";""
"PA Peroferreiro";"";"";"";"";"";"";"";"";"";"";"";""
"GALP Cabeço de Vide (VMF)";"";"";"";"";"";"";"";"";"";"";"";""
"ALVES BANDEIRA Beja";"";"";"";"";"";"";"";"";"";"";"";""
"ALVES BANDEIRA Montemor-o-Novo";"";"";"";"";"";"";"";"";"";"";"";""
"PRIO Vimieiro Norte (Estremoz-Arraiolos)";"";"";"";"";"";"";"";"";"";"";"";""
"PRIO Vimieiro Sul (Arraiolos-Estremoz)";"";"";"";"";"";"";"";"";"";"";"";""
"PA de Bordeiro";"";"";"";"";"";"";"";"";"";"";"";""
"AB Arco de Baulhe";"";"";"";"";"";"";"";"";"";"";"";""
"PRIO  Montalegre";"";"";"";"";"";"";"";"";"";"";"";""
"FILIAL - Paul";"";"";"";"";"";"";"";"";"";"";"";""
"E.S. Messejana";"";"";"";"";"";"";"";"";"";"";"";""
"GALP Arruda dos Pisões - Sociedade de Combustíveis Arruda dos Pisões";"";"";"";"";"";"";"";"";"";"";"";""
"PETROPRIX Paços de Ferreira 1";"";"";"";"";"";"";"";"";"";"";"";""
"PA Linhaceira - ZMT Combustiveis Unipessoal Lda";"";"";"";"";"";"";"";"";"";"";"";""
"PRIO Atei";"";"";"";"";"";"";"";"";"";"";"";""
"Repsol - BURGOJANOTA (São  Cristóvão)";"";"";"";"";"";"";"";"";"";"";"";""
"Repsol- I.S.N., Lda- Cortelha (Salir)";"";"";"";"";"";"";"";"";"";"";"";""
"PA CAPSOR Montargil";"";"";"";"";"";"";"";"";"";"";"";""
"REPSOL Ponte de Sôr";"";"";"";"";"";"";"";"";"";"";"";""
"PRIO Marinha Grande";"";"";"";"";"";"";"";"";"";"";"";""
"PA Genérico - Figueiredo de Alva";"";"";"";"";"";"";"";"";"";"";"";""
"PA Maxial - Ereira";"";"";"";"";"";"";"";"";"";"";"";""
"PRIO- São Paio de Oleiros";"";"";"";"";"";"";"";"";"";"";"";""
"Agro Mondego Representações Agrícolas, Lda - PA Alqueidão";"";"";"";"";"";"";"";"";"";"";"";""
"GEAR  Freixedas";"";"";"";"";"";"";"";"";"";"";"";""
"GALP - Aldeia da Venda";"";"";"";"";"";"";"";"";"";"";"";""
"PA PAURUI Carvalhal";"";"";"";"";"";"";"";"";"";"";"";""
"PA  Foros de Arrão";"";"";"";"";"";"";"";"";"";"";"";""
"Repsol- Jaime Coelho- Pias (Serpa)";"";"";"";"";"";"";"";"";"";"";"";""
"PA ENVENDOS";"";"";"";"";"";"";"";"";"";"";"";""
"AB  Ribeira de Vide";"";"";"";"";"";"";"";"";"";"";"";""
"GALP Molelos";"";"";"";"";"";"";"";"";"";"";"";""
"REPSOL Souto";"";"";"";"";"";"";"";"";"";"";"";""
"A. Ricardo & Esposa, Lda";"";"";"";"";"";"";"";"";"";"";"";""
"PA Vila Verde de Ficalho";"";"";"";"";"";"";"";"";"";"";"";""
"ASCOL Boavista dos Pinheiros";"";"";"";"";"";"";"";"";"";"";"";""
"PA Memória - Petromemória";"";"";"";"";"";"";"";"";"";"";"";""
"BARAÇAS COMBUSTIVEIS,LDA. PINHEL";"";"";"";"";"";"";"";"";"";"";"";""
"Repsol Vale do Poço - O Gasolinas";"";"";"";"";"";"";"";"";"";"";"";""
"Escoucomb-Combustiveis Alentejanos,Lda - PA Repsol Santiago do Escoural";"";"";"";"";"";"";"";"";"";"";"";""
"PA Alvite (Moimenta da Beira)";"";"";"";"";"";"";"";"";"";"";"";""
"PA Arrifana- Guarda";"";"";"";"";"";"";"";"";"";"";"";""
"António Almeida & Lourenço, Lda";"";"";"";"";"";"";"";"";"";"";"";""
"Casalinho - Casével";"";"";"";"";"";"";"";"";"";"";"";""
"REPSOL Arruda dos Vinhos";"";"";"";"";"";"";"";"";"";"";"";""
"PA KUMA ENERGIA - Mangualde";"";"";"";"";"";"";"";"";"";"";"";""
"PLENERGY Cartaxo I";"";"";"";"";"";"";"";"";"";"";"";""
"SHELL Alfena";"";"";"";"";"";"";"";"";"";"";"";""
"PA GESTROIL Belinho";"";"";"";"";"";"";"";"";"";"";"";""
"Q8 Nine VNFamalicão";"";"";"";"";"";"";"";"";"";"";"";""
"PA Vila Meã EN16";"";"";"";"";"";"";"";"";"";"";"";""
"CEPSA Covilhã";"";"";"";"";"";"";"";"";"";"";"";""
"REPSOL Beça (Boticas)";"";"";"";"";"";"";"";"";"";"";"";""
"Galp-Lagoa";"";"";"";"";"";"";"";"";"";"";"";""
"Q8 Laúndos - ZI (CP)";"";"";"";"";"";"";"";"";"";"";"";""
"GALP Mangualde";"";"";"";"";"";"";"";"";"";"";"";""
"PRIO Aldeia Valongo do Vouga";"";"";"";"";"";"";"";"";"";"";"";""
"PRIO Figueira da Foz";"";"";"";"";"";"";"";"";"";"";"";""
"PRIO Paço de Arcos";"";"";"";"";"";"";"";"";"";"";"";""
"INTERMARCHÉ Tábua";"";"";"";"";"";"";"";"";"";"";"";""
"REPSOL- FRONTEIRA";"";"";"";"";"";"";"";"";"";"";"";""
"CEPSA Burgães";"";"";"";"";"";"";"";"";"";"";"";""
"REPSOL Pobral";"";"";"";"";"";"";"";"";"";"";"";""
"REPSOL Fogueteiro";"";"";"";"";"";"";"";"";"";"";"";""
"Repsol Aires A";"";"";"";"";"";"";"";"";"";"";"";""
"REPSOL Aires  B";"";"";"";"";"";"";"";"";"";"";"";""
"MECAN AGRICOLA LDA.";"";"";"";"";"";"";"";"";"";"";"";""
"GALP Laranjeiro";"";"";"";"";"";"";"";"";"";"";"";""
"GALP Carnaxide (Qta. do Minote)";"";"";"";"";"";"";"";"";"";"";"";""
"SHELL Mira-Sintra  (A16 Norte)";"";"";"";"";"";"";"";"";"";"";"";""
"GALP - Delfim Augusto Nunes Lda - Fornos de Algodres";"";"";"";"";"";"";"";"";"";"";"";""
"GALP Favões";"";"";"";"";"";"";"";"";"";"";"";""
"Manuel Frederico Chaves & Filhos., Lda / GALP Valpaços";"";"";"";"";"";"";"";"";"";"";"";""
"REPSOL SANTAREM N3";"";"";"";"";"";"";"";"";"";"";"";""
"REPSOL  Biscainho B";"";"";"";"";"";"";"";"";"";"";"";""
"PLENERGY - PAÇOS DE FERREIRA I ";"";"";"";"";"";"";"";"";"";"";"";""
"PLENERGY - VILA NOVA DE GAIA I";"";"";"";"";"";"";"";"";"";"";"";""
"GALP Campo Maior (VMF)";"";"";"";"";"";"";"";"";"";"";"";""
"GALP Meirinhas (Norte - Sul) -  19031";"";"";"";"";"";"";"";"";"";"";"";""
"GALP Fátima (Fátima-Minde) -13049";"";"";"";"";"";"";"";"";"";"";"";""
"GALP Fátima (Minde-Fátima) - 13048";"";"";"";"";"";"";"";"";"";"";"";""
"GALP Meirinhas (Sul - Norte) - 11433)";"";"";"";"";"";"";"";"";"";"";"";""
"GALP Estremoz EN4 (19096)";"";"";"";"";"";"";"";"";"";"";"";""
"GALP Estremoz EN4 (11417)";"";"";"";"";"";"";"";"";"";"";"";""
"GALP Pataias - 13133";"";"";"";"";"";"";"";"";"";"";"";""
"GALP Alto do Verissimo (Atouguia da Baleia)";"";"";"";"";"";"";"";"";"";"";"";""
"PA GALP TÁBUA";"";"";"";"";"";"";"";"";"";"";"";""
"MOEVE Constance - Marco Canaveses";"";"";"";"";"";"";"";"";"";"";"";""
"JOSE C.SIMOES & MANUEL P.SIMOES, LDA - PA Galp Azinhal";"";"";"";"";"";"";"";"";"";"";"";""
"Galp - SERAFIM ROSA & FOS.LDA.- Vale da Azinheira";"";"";"";"";"";"";"";"";"";"";"";""
"João R. Fernandes & Fos. Lda. - PA Galp Castanheiro de Ouro";"";"";"";"";"";"";"";"";"";"";"";""
"Galp- Celeirós";"";"";"";"";"";"";"";"";"";"";"";""
"Prio - Prior Velho";"";"";"";"";"";"";"";"";"";"";"";""
"GALP Póvoa de Santa Iria MSRI";"";"";"";"";"";"";"";"";"";"";"";""
"Posição 12429 GALP - BRANCA";"";"";"";"";"";"";"";"";"";"";"";""
"Posição 16769 GALP - CACIA";"";"";"";"";"";"";"";"";"";"";"";""
"Posição 19531 GALP - TORREIRA (1)";"";"";"";"";"";"";"";"";"";"";"";""
"Posição 16015 GALP - CALVÃO";"";"";"";"";"";"";"";"";"";"";"";""
"Posição 19508 GALP - QUINTÃS";"";"";"";"";"";"";"";"";"";"";"";""
"Posição 16038 GALP - VAGOS";"";"";"";"";"";"";"";"";"";"";"";""
"Posição 16039 GALP - VAGOS";"";"";"";"";"";"";"";"";"";"";"";""
"Posição 16021 GALP - CUCUJÃES";"";"";"";"";"";"";"";"";"";"";"";""
"Galp Avenida da Índia";"";"";"";"";"";"";"";"";"";"";"";""
"INTERMARCHÉ Monte Redondo";"";"";"";"";"";"";"";"";"";"";"";""
"Efice Energy Marco de Canaveses";"";"";"";"";"";"";"";"";"";"";"";""
"PA Loureiro";"";"";"";"";"";"";"";"";"";"";"";""
"GALP Fontainhas (Estrada Montechoro)";"";"";"";"";"";"";"";"";"";"";"";""
"PRIO Pousada de Saramagos";"";"";"";"";"";"";"";"";"";"";"";""
"VENDEIRO AMORIM";"";"";"";"";"";"";"";"";"";"";"";""
"VENDEIRO BALAZAR NASCENTE";"";"";"";"";"";"";"";"";"";"";"";""
"PLENERGY - SANTA MARIA DA FEIRA";"";"";"";"";"";"";"";"";"";"";"";""
"PRIO - BELMONTE";"";"";"";"";"";"";"";"";"";"";"";""
"INTERMARCHÉ Portel";"";"";"";"";"";"";"";"";"";"";"";""
"TFGEST - Brito";"";"";"";"";"";"";"";"";"";"";"";""
"ES REPSOL CAPARROSA";"";"";"";"";"";"";"";"";"";"";"";""
"PA Parceiros de Igreja - TNV";"";"";"";"";"";"";"";"";"";"";"";""
"ASF Passos - Carvalhais";"";"";"";"";"";"";"";"";"";"";"";""
"BP  Mem Martins";"";"";"";"";"";"";"";"";"";"";"";""
"BP Vila  Meã";"";"";"";"";"";"";"";"";"";"";"";""
"GALP Agrela - Sto Tirso - 15188";"";"";"";"";"";"";"";"";"";"";"";""
"GALP Amadora - Posição 11538";"";"";"";"";"";"";"";"";"";"";"";""
"REPSOL Dornelas do Vouga - Sever do Vouga";"";"";"";"";"";"";"";"";"";"";"";""
"Repsol Santa Eulália -  Arouca";"";"";"";"";"";"";"";"";"";"";"";""
"REPSOL  Anadia";"";"";"";"";"";"";"";"";"";"";"";""
"REPSOL Aveiro - Nó Sul A";"";"";"";"";"";"";"";"";"";"";"";""
"REPSOL Aveiro - Nó Sul B";"";"";"";"";"";"";"";"";"";"";"";""
"NJBFERREIRA - Comércio de GALP FREIRIA ";"";"";"";"";"";"";"";"";"";"";"";""
"SHELL Águas Santas";"";"";"";"";"";"";"";"";"";"";"";""
"REPSOL Bombeiros do Seixal";"";"";"";"";"";"";"";"";"";"";"";""
"REPSOL Coina";"";"";"";"";"";"";"";"";"";"";"";""
"PA Pega";"";"";"";"";"";"";"";"";"";"";"";""
"PA Famalicão - Santa Maria Oliveira";"";"";"";"";"";"";"";"";"";"";"";""
"GALP Lama - Stº Tirso - 15187";"";"";"";"";"";"";"";"";"";"";"";""
"INTERMARCHÉ Madalena VNG";"";"";"";"";"";"";"";"";"";"";"";""
"P57 - PRIO Santa Eulália";"";"";"";"";"";"";"";"";"";"";"";""
"GASAUTO - REPSOL Sapataria";"";"";"";"";"";"";"";"";"";"";"";""
"REPSOL Vila Verde";"";"";"";"";"";"";"";"";"";"";"";""
"REPSOL Oliveira do Bairro";"";"";"";"";"";"";"";"";"";"";"";""
"MOEVE Ferreiras - Norte (FAR/LGS)";"";"";"";"";"";"";"";"";"";"";"";""
"MOEVE Ferreiras - Sul(LGS/FAR)";"";"";"";"";"";"";"";"";"";"";"";""
"São Pedro da Cova";"";"";"";"";"";"";"";"";"";"";"";""
"ALVES BANDEIRA Bombarral";"";"";"";"";"";"";"";"";"";"";"";""
"BP Barcelos - Ucha (Carbuiberia)";"";"";"";"";"";"";"";"";"";"";"";""
"PLENERGY - TROFA I";"";"";"";"";"";"";"";"";"";"";"";""
"REPSOL Esgueira  B";"";"";"";"";"";"";"";"";"";"";"";""
"REPSOL Armamar";"";"";"";"";"";"";"";"";"";"";"";""
"REPSOL Argoncilhe (R0157 - ANTOREP)";"";"";"";"";"";"";"";"";"";"";"";""
"REPSOL Grijó (R1309 ANTOREP)";"";"";"";"";"";"";"";"";"";"";"";""
"16035 - GALP - PINHEIRO DA BEMPOSTA (S/N)";"";"";"";"";"";"";"";"";"";"";"";""
"A.T. Moreira Pinto & Cia. Lda. - PA Galp Cucujães";"";"";"";"";"";"";"";"";"";"";"";""
"Galp- SOUSA & MARQUÊZ  (Horta das Figueiras- Évora)";"";"";"";"";"";"";"";"";"";"";"";""
"GALP Hospital Covilhã";"";"";"";"";"";"";"";"";"";"";"";""
"PA Repsol - Posto B - 1081 (Cardosos - Leiria)";"";"";"";"";"";"";"";"";"";"";"";""
"Posto Galp Armamar";"";"";"";"";"";"";"";"";"";"";"";""
"Intermarché Sobral de Monte Agraço";"";"";"";"";"";"";"";"";"";"";"";""
"REPSOL Seia";"";"";"";"";"";"";"";"";"";"";"";""
"REPSOL Vila Franca - Darque";"";"";"";"";"";"";"";"";"";"";"";""
"PA GALP - LIXA";"";"";"";"";"";"";"";"";"";"";"";""
"Galp TONDELA";"";"";"";"";"";"";"";"";"";"";"";""
"Galp SANTA COMBA DÃO";"";"";"";"";"";"";"";"";"";"";"";""
"GALP Estrada de Mira - POSIÇÃO 11821";"";"";"";"";"";"";"";"";"";"";"";""
"GALP A4 A.S. Matosinhos (Matosinhos/Amarante)";"";"";"";"";"";"";"";"";"";"";"";""
"PA Mazedo - FG Combustíveis";"";"";"";"";"";"";"";"";"";"";"";""
" SHELL Meia Praia";"";"";"";"";"";"";"";"";"";"";"";""
"PLENERGY - PÓVOA DE VARZIM I";"";"";"";"";"";"";"";"";"";"";"";""
"MOEVE Penafiel - Av. Pedro Guedes";"";"";"";"";"";"";"";"";"";"";"";""
"BP  Vilar de Andorinho";"";"";"";"";"";"";"";"";"";"";"";""
"BP Celorico de Basto";"";"";"";"";"";"";"";"";"";"";"";""
"GALP Pinhanços - Seia";"";"";"";"";"";"";"";"";"";"";"";""
"REPSOL Esgueira A";"";"";"";"";"";"";"";"";"";"";"";""
"Galp - Santo António";"";"";"";"";"";"";"";"";"";"";"";""
"GALP Marinha das Ondas (N/S) - POSIÇÃO 11674";"";"";"";"";"";"";"";"";"";"";"";""
"Galp- Serafim Batista Duarte Lda.";"";"";"";"";"";"";"";"";"";"";"";""
"Galp - Souto da Feira";"";"";"";"";"";"";"";"";"";"";"";""
"PETROPRIX SANTO TIRSO";"";"";"";"";"";"";"";"";"";"";"";""
"PETROPRIX Estarreja";"";"";"";"";"";"";"";"";"";"";"";""
"PETROPRIX Pedroso";"";"";"";"";"";"";"";"";"";"";"";""
"GALP Tourais (Seia)";"";"";"";"";"";"";"";"";"";"";"";""
"L.P.P.Combustíveis Lda - Repsol Marinhais";"";"";"";"";"";"";"";"";"";"";"";""
"PLENERGY -  MATOSINHOS I";"";"";"";"";"";"";"";"";"";"";"";""
"REPSOL Aldeia da Ponte E0956";"";"";"";"";"";"";"";"";"";"";"";""
"REPSOL Sabugal E0955";"";"";"";"";"";"";"";"";"";"";"";""
"REPSOL Vilar Formoso E0905";"";"";"";"";"";"";"";"";"";"";"";""
"Galp- GASOGASGEST,LDA- Macieira do Liz";"";"";"";"";"";"";"";"";"";"";"";""
"GALP Mortágua";"";"";"";"";"";"";"";"";"";"";"";""
"PRIO Meãs do Campo - Montemor-o-Velho";"";"";"";"";"";"";"";"";"";"";"";""
"Repsol - MIGUEL BOMBARDA";"";"";"";"";"";"";"";"";"";"";"";""
"ALVES BANDEIRA Canelas";"";"";"";"";"";"";"";"";"";"";"";""
"PRIO Moreira da Maia";"";"";"";"";"";"";"";"";"";"";"";""
"BP Fátima";"";"";"";"";"";"";"";"";"";"";"";""
"CEPSA Gulpilhares";"";"";"";"";"";"";"";"";"";"";"";""
"CEPSA  Vale de Cavalos";"";"";"";"";"";"";"";"";"";"";"";""
"CEPSA Almeirim";"";"";"";"";"";"";"";"";"";"";"";""
"CEPSA CARVALHOS - PEDROSO";"";"";"";"";"";"";"";"";"";"";"";""
"GALP Camarate - Posição 11174";"";"";"";"";"";"";"";"";"";"";"";""
"Alegrar o Ambiente, Lda.";"";"";"";"";"";"";"";"";"";"";"";""
"BP Avanca (N-S)";"";"";"";"";"";"";"";"";"";"";"";""
"INTERMARCHÉ  Atouguia da Baleia";"";"";"";"";"";"";"";"";"";"";"";""
"Posto de abastecimento de Cardigos";"";"";"";"";"";"";"";"";"";"";"";""
"BP Avanca (S-N)";"";"";"";"";"";"";"";"";"";"";"";""
"GALP São Romao Coronado - 15055";"";"";"";"";"";"";"";"";"";"";"";""
"CEPSA  Maceda 1 (Ovr/Mcd)";"";"";"";"";"";"";"";"";"";"";"";""
"Auto Julio Évora";"";"";"";"";"";"";"";"";"";"";"";""
"REDE ENERGIA Águas Santas - Alto da Maia";"";"";"";"";"";"";"";"";"";"";"";""
"GALP Lavra. - 15006";"";"";"";"";"";"";"";"";"";"";"";""
"GALP Sazes de Lorvão -Espinheira";"";"";"";"";"";"";"";"";"";"";"";""
"GALP Nelas";"";"";"";"";"";"";"";"";"";"";"";""
"CEPSA Aveiro  ZI";"";"";"";"";"";"";"";"";"";"";"";""
"GALP Massamá Sul-Av. 25 Abril";"";"";"";"";"";"";"";"";"";"";"";""
"GALP Avenida Mouzinho de Albuquerque ";"";"";"";"";"";"";"";"";"";"";"";""
"NOVA  Silveira";"";"";"";"";"";"";"";"";"";"";"";""
"GALP Dume - Petro Celeirós";"";"";"";"";"";"";"";"";"";"";"";""
"GALP Gago Coutinho";"";"";"";"";"";"";"";"";"";"";"";""
"REPSOL SOURE I";"";"";"";"";"";"";"";"";"";"";"";""
"REPSOL SOURE II";"";"";"";"";"";"";"";"";"";"";"";""
"Galp Vouzela";"";"";"";"";"";"";"";"";"";"";"";""
"Galp REPESES";"";"";"";"";"";"";"";"";"";"";"";""
"INTERMARCHÉ St. António dos Cavaleiros";"";"";"";"";"";"";"";"";"";"";"";""
"PA Abitureiras";"";"";"";"";"";"";"";"";"";"";"";""
"ASOTA-EXP.A.S.COMB.LUB.OTA LDA";"";"";"";"";"";"";"";"";"";"";"";""
"PA Coop Maia - Vermoin";"";"";"";"";"";"";"";"";"";"";"";""
"CEPSA Vidigueira  (Centro)";"";"";"";"";"";"";"";"";"";"";"";""
"ABSOLUTEFICAZ - COMBUSTÍVEIS, LDA (REPSOL-MATOSINHOS-AV.D.AFONSO HENRIQUES)";"";"";"";"";"";"";"";"";"";"";"";""
"ABSOLUTEFICAZ - COMBUSTÍVEIS, LDA (REPSOL-ERMESINDE-AV.JOÃO DE DEUS)";"";"";"";"";"";"";"";"";"";"";"";""
"REPSOL Matosinhos - IP4";"";"";"";"";"";"";"";"";"";"";"";""
"GALP Casal do Arqueiro - Batalha";"";"";"";"";"";"";"";"";"";"";"";""
"GALP AS Alcácer - Olival Queimado";"";"";"";"";"";"";"";"";"";"";"";""
"Galp  Sandim";"";"";"";"";"";"";"";"";"";"";"";""
"SHELL Mira-Sintra  (A16 Sul)";"";"";"";"";"";"";"";"";"";"";"";""
"Q8 Felgueiras - Retail Park";"";"";"";"";"";"";"";"";"";"";"";""
"GALP Silves";"";"";"";"";"";"";"";"";"";"";"";""
"GALP  A dos Francos";"";"";"";"";"";"";"";"";"";"";"";""
"GALP - Massamá Norte";"";"";"";"";"";"";"";"";"";"";"";""
"GALP Penafiel - Tenente Valadim";"";"";"";"";"";"";"";"";"";"";"";""
"ESTAÇÃO DE SERVIÇO CENTRAL, LDA. - GALP Bonfim";"";"";"";"";"";"";"";"";"";"";"";""
"INTERMARCHÉ  Anadia";"";"";"";"";"";"";"";"";"";"";"";""
"GALP Mem Martins (Coudel)";"";"";"";"";"";"";"";"";"";"";"";""
"CEPSA Maceda (Mcd/Ovr)";"";"";"";"";"";"";"";"";"";"";"";""
"Q8 Castelo de Paiva";"";"";"";"";"";"";"";"";"";"";"";""
"BP Ponte de Lima - A27";"";"";"";"";"";"";"";"";"";"";"";""
"PAP GALP Fuseta (+PA)";"";"";"";"";"";"";"";"";"";"";"";""
"REPSOL Gandra - Rotunda Oliveiras";"";"";"";"";"";"";"";"";"";"";"";""
"E.S.Felgueiras";"";"";"";"";"";"";"";"";"";"";"";""
"E.S.FELGUEIRAS II";"";"";"";"";"";"";"";"";"";"";"";""
"Freitas- A. Esteves, Lda_Tarouquela (Cinfães)";"";"";"";"";"";"";"";"";"";"";"";""
"INTERMARCHÉ Terrugem";"";"";"";"";"";"";"";"";"";"";"";""
"BP Gondomar Estrada D. Miguel";"";"";"";"";"";"";"";"";"";"";"";""
"PLENERGY - OURÉM I";"";"";"";"";"";"";"";"";"";"";"";""
"BP Marco de Canavezes  (Norte)";"";"";"";"";"";"";"";"";"";"";"";""
"BP Marco de Canavezesb (Sul)";"";"";"";"";"";"";"";"";"";"";"";""
"GALP Neiva";"";"";"";"";"";"";"";"";"";"";"";""
"BP SÃO PAIO DE OLEIROS";"";"";"";"";"";"";"";"";"";"";"";""
"ALFABRENT - ALFA SAFARA";"";"";"";"";"";"";"";"";"";"";"";""
"Gasonave Sarzedo - Posto 2";"";"";"";"";"";"";"";"";"";"";"";""
"PA Vale da Pedra - Cartaxo";"";"";"";"";"";"";"";"";"";"";"";""
"TFUEL - PÍNZIO";"";"";"";"";"";"";"";"";"";"";"";""
"PA Alcaria - Porto de Mós";"";"";"";"";"";"";"";"";"";"";"";""
"AUTO JULIO - Pombal";"";"";"";"";"";"";"";"";"";"";"";""
"Oz Terrugem (Petrosintra)";"";"";"";"";"";"";"";"";"";"";"";""
"E.S. AGUIAR.";"";"";"";"";"";"";"";"";"";"";"";""
"Galp - Barbeita";"";"";"";"";"";"";"";"";"";"";"";""
"PETROPRIX Sintra 1 - Massamá";"";"";"";"";"";"";"";"";"";"";"";""
"REPSOL Vila das Aves A (Negrelos)";"";"";"";"";"";"";"";"";"";"";"";""
"REPSOL VIla das Aves B (Negrelos)";"";"";"";"";"";"";"";"";"";"";"";""
"REPSOL Neiva B (Viana-Porto)";"";"";"";"";"";"";"";"";"";"";"";""
"REPSOL Neiva A (Porto-Viana)";"";"";"";"";"";"";"";"";"";"";"";""
"REPSOL Viana do Castelo - Av. Cap. Gaspar Castro";"";"";"";"";"";"";"";"";"";"";"";""
"BP Tojal";"";"";"";"";"";"";"";"";"";"";"";""
"GALP Caldas da Rainha Sul";"";"";"";"";"";"";"";"";"";"";"";""
"GALP Vale Fetal - Vale Figueira II";"";"";"";"";"";"";"";"";"";"";"";""
"GALP Frei Miguel Contreiras  (Av. Roma)";"";"";"";"";"";"";"";"";"";"";"";""
"REPSOL Famalicao Sul";"";"";"";"";"";"";"";"";"";"";"";""
"REPSOL Caminha (1660)";"";"";"";"";"";"";"";"";"";"";"";""
"GALP Darque";"";"";"";"";"";"";"";"";"";"";"";""
"Posição 16013 GALP - BRANCA";"";"";"";"";"";"";"";"";"";"";"";""
"PA São Luís - Odemira";"";"";"";"";"";"";"";"";"";"";"";""
"CEPSA Castelo de Paiva";"";"";"";"";"";"";"";"";"";"";"";""
"GALP Sobreda - Vale Figueira I";"";"";"";"";"";"";"";"";"";"";"";""
"PGPL CHAMAGAS Rio Maior";"";"";"";"";"";"";"";"";"";"";"";""
"PA  Casegas";"";"";"";"";"";"";"";"";"";"";"";""
"GALP Caxias Norte-Sul - Posição 11836";"";"";"";"";"";"";"";"";"";"";"";""
"GALP Caxias Sul-Norte - Posição 11837";"";"";"";"";"";"";"";"";"";"";"";""
"MOEVE Santa Clara - Inês de Castro";"";"";"";"";"";"";"";"";"";"";"";""
"ALVES BANDEIRA Torre de Moncorvo";"";"";"";"";"";"";"";"";"";"";"";""
"ALVES BANDEIRA Pinhal do Norte";"";"";"";"";"";"";"";"";"";"";"";""
"INTERMARCHÉ PINHAL NOVO";"";"";"";"";"";"";"";"";"";"";"";""
"PETROBRITO 1";"";"";"";"";"";"";"";"";"";"";"";""
"PRIO Viana do Castelo";"";"";"";"";"";"";"";"";"";"";"";""
"PLENERGY - VILA NOVA DE GAIA II";"";"";"";"";"";"";"";"";"";"";"";""
"PLENERGY - VILA NOVA DE GAIA III";"";"";"";"";"";"";"";"";"";"";"";""
"PA BARREIRINHO Travassós";"";"";"";"";"";"";"";"";"";"";"";""
"BP Estarreja";"";"";"";"";"";"";"";"";"";"";"";""
"ALVES BANDEIRA Fundão ZI";"";"";"";"";"";"";"";"";"";"";"";""
"BP Cascais - Adelino Amaro Costa";"";"";"";"";"";"";"";"";"";"";"";""
"BP Sintra -  Abrunheira";"";"";"";"";"";"";"";"";"";"";"";""
"MOEVE São Cosmado";"";"";"";"";"";"";"";"";"";"";"";""
"Cepsa Lagos saida para Sagres";"";"";"";"";"";"";"";"";"";"";"";""
"GALP Fornos de Algodres";"";"";"";"";"";"";"";"";"";"";"";""
"PLENERGY - BRAGA I ";"";"";"";"";"";"";"";"";"";"";"";""
"PLENERGY - LOURES I ";"";"";"";"";"";"";"";"";"";"";"";""
"Posto Abastecimento REPSOL-BARCELOS";"";"";"";"";"";"";"";"";"";"";"";""
"Posto Abastecimento REPSOL-FAMALICÃO";"";"";"";"";"";"";"";"";"";"";"";""
"Posto Abastecimento REPSOL-BARCELINHOS";"";"";"";"";"";"";"";"";"";"";"";""
"E.S. LOUSÃ - Anibal Antunes Bandeira, Lda - Lousã";"";"";"";"";"";"";"";"";"";"";"";""
"Tuacar - Posto Mirandela";"";"";"";"";"";"";"";"";"";"";"";""
